<?xml version="1.0" encoding="UTF-8"?>
<jobs xmlns="http://www.demandware.com/xml/impex/jobs/2015-07-01">
    <job job-id="OrderCleanUp">
        <description>Clean up exported VCN orders and remove sensitive card data</description>
        <parameters/>
        <flow>
            <context site-id="RefArch"/>
            <step step-id="execute" type="custom.OrderCleanUp" enforce-restart="false">
                <description/>
                <parameters/>
            </step>
        </flow>
        <rules/>
        <triggers>
            <run-once enabled="false">
                <date>2025-02-12Z</date>
                <time>10:00:00.000Z</time>
            </run-once>
        </triggers>
    </job>

    <job job-id="RecurringOrders">
        <description/>
        <parameters/>
        <flow>
            <context site-id="RefArch"/>
            <step step-id="createOrder" type="custom.RecurringOrders" enforce-restart="false">
                <description/>
                <parameters/>
            </step>
        </flow>
        <rules>
            <on-running runtime-threshold="60m" enabled="false">
                <mark-job-as-hanging/>
            </on-running>
        </rules>
        <triggers>
            <run-once enabled="false">
                <date>2025-02-12Z</date>
                <time>10:00:00.000Z</time>
            </run-once>
        </triggers>
    </job>
</jobs>
