<?xml version="1.0" encoding="UTF-8"?>
<services xmlns="http://www.demandware.com/xml/impex/services/2014-09-26">

    <service-credential service-credential-id="klarna.http.decredentials">
        <url>https://api.playground.klarna.com/</url>
        <user-id>your Merchant ID</user-id>
        <password encrypted="true" encryption-type="common.export"></password>
    </service-credential>
    <service-credential service-credential-id="klarna.http.mxcredentials">
        <url>https://api-na.playground.klarna.com/</url>
        <user-id>your Merchant ID</user-id>
        <password encrypted="true" encryption-type="common.export"></password>
    </service-credential>
    <service-credential service-credential-id="klarna.http.ficredentials">
        <url>https://api.playground.klarna.com/</url>
        <user-id>your Merchant ID</user-id>
        <password encrypted="true" encryption-type="common.export"></password>
    </service-credential>

    <service-credential service-credential-id="klarna.http.nocredentials">
        <url>https://api.playground.klarna.com/</url>
        <user-id>your Merchant ID</user-id>
        <password encrypted="true" encryption-type="common.export"></password>
    </service-credential>

    <service-credential service-credential-id="klarna.http.secredentials">
        <url>https://api.playground.klarna.com/</url>
        <user-id>your Merchant ID</user-id>
        <password encrypted="true" encryption-type="common.export"></password>
    </service-credential>

    <service-credential service-credential-id="klarna.http.plcredentials">
        <url>https://api.playground.klarna.com/</url>
        <user-id>your Merchant ID</user-id>
        <password encrypted="true" encryption-type="common.export"></password>
    </service-credential>

    <service-credential service-credential-id="klarna.http.gbcredentials">
        <url>https://api.playground.klarna.com/</url>
        <user-id>your Merchant ID</user-id>
        <password encrypted="true" encryption-type="common.export"></password>
    </service-credential>    

    <service-credential service-credential-id="klarna.http.uscredentials">
        <url>https://api-na.playground.klarna.com/</url>
        <user-id>your Merchant ID</user-id>
        <password encrypted="true" encryption-type="common.export"></password>
    </service-credential>

    <service-profile service-profile-id="klarna.http.service">
        <timeout-millis>20000</timeout-millis>
        <rate-limit-enabled>false</rate-limit-enabled>
        <rate-limit-calls>0</rate-limit-calls>
        <rate-limit-millis>0</rate-limit-millis>
        <cb-enabled>false</cb-enabled>
        <cb-calls>0</cb-calls>
        <cb-millis>0</cb-millis>
    </service-profile>
    <service-profile service-profile-id="klarna.http.createSession">
        <timeout-millis>30000</timeout-millis>
        <rate-limit-enabled>false</rate-limit-enabled>
        <rate-limit-calls>0</rate-limit-calls>
        <rate-limit-millis>0</rate-limit-millis>
        <cb-enabled>false</cb-enabled>
        <cb-calls>0</cb-calls>
        <cb-millis>0</cb-millis>
    </service-profile>
    <service-profile service-profile-id="klarna.http.getSession">
        <timeout-millis>30000</timeout-millis>
        <rate-limit-enabled>false</rate-limit-enabled>
        <rate-limit-calls>0</rate-limit-calls>
        <rate-limit-millis>0</rate-limit-millis>
        <cb-enabled>false</cb-enabled>
        <cb-calls>0</cb-calls>
        <cb-millis>0</cb-millis>
    </service-profile>
    <service-profile service-profile-id="klarna.http.updateSession">
        <timeout-millis>30000</timeout-millis>
        <rate-limit-enabled>false</rate-limit-enabled>
        <rate-limit-calls>0</rate-limit-calls>
        <rate-limit-millis>0</rate-limit-millis>
        <cb-enabled>false</cb-enabled>
        <cb-calls>0</cb-calls>
        <cb-millis>0</cb-millis>
    </service-profile>
    <service-profile service-profile-id="klarna.http.getOrder">
        <timeout-millis>30000</timeout-millis>
        <rate-limit-enabled>false</rate-limit-enabled>
        <rate-limit-calls>0</rate-limit-calls>
        <rate-limit-millis>0</rate-limit-millis>
        <cb-enabled>false</cb-enabled>
        <cb-calls>0</cb-calls>
        <cb-millis>0</cb-millis>
    </service-profile>
    <service-profile service-profile-id="klarna.http.cancelAuthorization">
        <timeout-millis>30000</timeout-millis>
        <rate-limit-enabled>false</rate-limit-enabled>
        <rate-limit-calls>0</rate-limit-calls>
        <rate-limit-millis>0</rate-limit-millis>
        <cb-enabled>false</cb-enabled>
        <cb-calls>0</cb-calls>
        <cb-millis>0</cb-millis>
    </service-profile>
    <service-profile service-profile-id="klarna.http.createOrder">
        <timeout-millis>30000</timeout-millis>
        <rate-limit-enabled>false</rate-limit-enabled>
        <rate-limit-calls>0</rate-limit-calls>
        <rate-limit-millis>0</rate-limit-millis>
        <cb-enabled>false</cb-enabled>
        <cb-calls>0</cb-calls>
        <cb-millis>0</cb-millis>
    </service-profile>
    <service-profile service-profile-id="klarna.http.cancelOrder">
        <timeout-millis>30000</timeout-millis>
        <rate-limit-enabled>false</rate-limit-enabled>
        <rate-limit-calls>0</rate-limit-calls>
        <rate-limit-millis>0</rate-limit-millis>
        <cb-enabled>false</cb-enabled>
        <cb-calls>0</cb-calls>
        <cb-millis>0</cb-millis>
    </service-profile>
    <service-profile service-profile-id="klarna.http.vcnSettlement">
        <timeout-millis>30000</timeout-millis>
        <rate-limit-enabled>false</rate-limit-enabled>
        <rate-limit-calls>0</rate-limit-calls>
        <rate-limit-millis>0</rate-limit-millis>
        <cb-enabled>false</cb-enabled>
        <cb-calls>0</cb-calls>
        <cb-millis>0</cb-millis>
    </service-profile>
    <service-profile service-profile-id="klarna.http.createCapture">
        <timeout-millis>30000</timeout-millis>
        <rate-limit-enabled>false</rate-limit-enabled>
        <rate-limit-calls>0</rate-limit-calls>
        <rate-limit-millis>0</rate-limit-millis>
        <cb-enabled>false</cb-enabled>
        <cb-calls>0</cb-calls>
        <cb-millis>0</cb-millis>
    </service-profile>
    <service service-id="klarna.http.createSession">
        <service-type>HTTP</service-type>
        <enabled>true</enabled>
        <log-prefix/>
        <comm-log-enabled>false</comm-log-enabled>
        <force-prd-enabled>true</force-prd-enabled>
        <mock-mode-enabled>false</mock-mode-enabled>
        <profile-id>klarna.http.createSession</profile-id>
        <credential-id/>
    </service>
    <service service-id="klarna.http.getSession">
        <service-type>HTTP</service-type>
        <enabled>true</enabled>
        <log-prefix/>
        <comm-log-enabled>false</comm-log-enabled>
        <force-prd-enabled>true</force-prd-enabled>
        <mock-mode-enabled>false</mock-mode-enabled>
        <profile-id>klarna.http.getSession</profile-id>
        <credential-id/>
    </service>
    <service service-id="klarna.http.updateSession">
        <service-type>HTTP</service-type>
        <enabled>true</enabled>
        <log-prefix/>
        <comm-log-enabled>false</comm-log-enabled>
        <force-prd-enabled>true</force-prd-enabled>
        <mock-mode-enabled>false</mock-mode-enabled>
        <profile-id>klarna.http.updateSession</profile-id>
        <credential-id/>
    </service>
    <service service-id="klarna.http.getOrder">
        <service-type>HTTP</service-type>
        <enabled>true</enabled>
        <log-prefix/>
        <comm-log-enabled>false</comm-log-enabled>
        <force-prd-enabled>true</force-prd-enabled>
        <mock-mode-enabled>false</mock-mode-enabled>
        <profile-id>klarna.http.getOrder</profile-id>
        <credential-id/>
    </service>
    <service service-id="klarna.http.cancelAuthorization">
        <service-type>HTTP</service-type>
        <enabled>true</enabled>
        <log-prefix/>
        <comm-log-enabled>false</comm-log-enabled>
        <force-prd-enabled>true</force-prd-enabled>
        <mock-mode-enabled>false</mock-mode-enabled>
        <profile-id>klarna.http.cancelAuthorization</profile-id>
        <credential-id/>
    </service>
    <service service-id="klarna.http.createOrder">
        <service-type>HTTP</service-type>
        <enabled>true</enabled>
        <log-prefix/>
        <comm-log-enabled>false</comm-log-enabled>
        <force-prd-enabled>true</force-prd-enabled>
        <mock-mode-enabled>false</mock-mode-enabled>
        <profile-id>klarna.http.createOrder</profile-id>
        <credential-id/>
    </service>
    <service service-id="klarna.http.cancelOrder">
        <service-type>HTTP</service-type>
        <enabled>true</enabled>
        <log-prefix/>
        <comm-log-enabled>false</comm-log-enabled>
        <force-prd-enabled>true</force-prd-enabled>
        <mock-mode-enabled>false</mock-mode-enabled>
        <profile-id>klarna.http.cancelOrder</profile-id>
        <credential-id/>
    </service>
    <service service-id="klarna.http.vcnSettlement">
        <service-type>HTTP</service-type>
        <enabled>true</enabled>
        <log-prefix/>
        <comm-log-enabled>false</comm-log-enabled>
        <force-prd-enabled>true</force-prd-enabled>
        <mock-mode-enabled>false</mock-mode-enabled>
        <profile-id>klarna.http.vcnSettlement</profile-id>
        <credential-id/>
    </service>
    <service service-id="klarna.http.createCapture">
        <service-type>HTTP</service-type>
        <enabled>true</enabled>
        <log-prefix/>
        <comm-log-enabled>false</comm-log-enabled>
        <force-prd-enabled>true</force-prd-enabled>
        <mock-mode-enabled>false</mock-mode-enabled>
        <profile-id>klarna.http.createCapture</profile-id>
        <credential-id/>
    </service>
    <service service-id="klarna.http.defaultendpoint">
        <service-type>HTTP</service-type>
        <enabled>true</enabled>
        <log-prefix>klarna</log-prefix>
        <comm-log-enabled>true</comm-log-enabled>
        <mock-mode-enabled>false</mock-mode-enabled>
        <profile-id>klarna.http.service</profile-id>
        <credential-id/>
    </service>

</services>
