<?xml version="1.0" encoding="UTF-8"?>
<library xmlns="http://www.demandware.com/xml/impex/library/2006-10-31" library-id="SiteGenesisSharedLibrary">

    <content content-id="footer-about">
        <display-name xml:lang="x-default">Footer About Links</display-name>
        <display-name xml:lang="fr-FR">Liens À propos en pied de page</display-name>
        <display-name xml:lang="it-IT">Link Informazioni su a piè di pagina </display-name>
        <display-name xml:lang="ja-JP">フッターの企業情報リンク</display-name>
        <display-name xml:lang="zh-CN">页脚关于链接</display-name>
        <online-flag>true</online-flag>
        <searchable-flag>false</searchable-flag>
        <page-attributes/>
        <custom-attributes>
            <custom-attribute attribute-id="body" xml:lang="x-default">&lt;h3&gt;About&lt;/h3&gt;&#13;
                &lt;ul class="menu-footer menu pipe"&gt;&#13;
                &lt;li&gt;&lt;a href="$url('Page-Show', 'cid', 'about-us')$" title="Go to About Us"&gt;About Us&lt;/a&gt;&lt;/li&gt;&#13;
                &lt;li&gt;&lt;a href="$url('Page-Show', 'cid', 'privacy-policy')$" title="Go to Privacy"&gt;Privacy&lt;/a&gt;&lt;/li&gt;&#13;
                &lt;li&gt;&lt;a href="$url('Page-Show', 'cid', 'terms')$" title="Go to Terms"&gt;Terms&lt;/a&gt;&lt;/li&gt;&#13;
                &lt;li&gt;&lt;a href="$url('Page-Show', 'cid', 'jobs-landing')$"title="Go to Jobs"&gt;Jobs&lt;/a&gt;&lt;/li&gt;&#13;
                &lt;li&gt;&lt;a href="$url('KlarnaPayments-InfoPage')$" title="Go to Klarna Info"&gt;Klarna Info&lt;/a&gt;&lt;/li&gt;&#13;
                &lt;/ul&gt;&lt;!-- END: footer_about --&gt;</custom-attribute>
            <custom-attribute attribute-id="body" xml:lang="fr-FR">&lt;h3&gt;À propos&lt;/h3&gt;&#13;
                &lt;ul class="menu-footer menu pipe"&gt;&#13;
                &lt;li&gt;&lt;a href="$url('Page-Show', 'cid', 'about-us')$" title="Aller à À propos de nous"&gt;À propos de nous&lt;/a&gt;&lt;/li&gt;&#13;
                &lt;li&gt;&lt;a href="$url('Page-Show', 'cid', 'privacy-policy')$" title="Aller à Déclaration de confidentialité"&gt;Confidentialité&lt;/a&gt;&lt;/li&gt;&#13;
                &lt;li&gt;&lt;a href="$url('Page-Show', 'cid', 'terms')$" title="Aller à Conditions générales"&gt;Conditions générales&lt;/a&gt;&lt;/li&gt;&#13;
                &lt;li&gt;&lt;a href="$url('Page-Show', 'cid', 'jobs-landing')$" title="Aller à Carrières"&gt;Carrières&lt;/a&gt;&lt;/li&gt;&#13;
                &lt;li&gt;&lt;a href="$url('KlarnaPayments-InfoPage')$" title="Aller à Klarna Info"&gt;Klarna Info&lt;/a&gt;&lt;/li&gt;&#13;
                &lt;/ul&gt;&lt;!-- END: footer_about --&gt;</custom-attribute>
            <custom-attribute attribute-id="body" xml:lang="it-IT">&lt;h3&gt;Informazioni su&lt;/h3&gt;&#13;
                &lt;ul class="menu-footer menu pipe"&gt;&#13;
                &lt;li&gt;&lt;a href="$url('Page-Show', 'cid', 'about-us')$" title="Vai a Chi siamo"&gt;Chi siamo&lt;/a&gt;&lt;/li&gt;&#13;
                &lt;li&gt;&lt;a href="$url('Page-Show', 'cid', 'privacy-policy')$" title="Vai a Privacy"&gt;Privacy&lt;/a&gt;&lt;/li&gt;&#13;
                &lt;li&gt;&lt;a href="$url('Page-Show', 'cid', 'terms')$" title="Vai a Termini"&gt;Termini&lt;/a&gt;&lt;/li&gt;&#13;
                &lt;li&gt;&lt;a href="$url('Page-Show', 'cid', 'jobs-landing')$" title="Vai a Lavora con noi"&gt;Lavora con noi&lt;/a&gt;&lt;/li&gt;&#13;
                &lt;li&gt;&lt;a href="$url('KlarnaPayments-InfoPage')$" title="Vai a Klarna Info"&gt;Klarna Info&lt;/a&gt;&lt;/li&gt;&#13;
                &lt;/ul&gt;&lt;!-- END: footer_about --&gt;</custom-attribute>
            <custom-attribute attribute-id="body" xml:lang="ja-JP">&lt;h3&gt;企業情報&lt;/h3&gt;&#13;
                &lt;ul class="menu-footer menu pipe"&gt;&#13;
                &lt;li&gt;&lt;a href="$url('Page-Show', 'cid', 'about-us')$" title="「Salesforce Commerce Cloud について」に移動する"&gt;Salesforce Commerce Cloud について&lt;/a&gt;&lt;/li&gt;&#13;
                &lt;li&gt;&lt;a href="$url('Page-Show', 'cid', 'privacy-policy')$" title="「プライバシー」に移動する"&gt;プライバシー&lt;/a&gt;&lt;/li&gt;&#13;
                &lt;li&gt;&lt;a href="$url('Page-Show', 'cid', 'terms')$" title="「利用条件」に移動する"&gt;利用条件&lt;/a&gt;&lt;/li&gt;&#13;
                &lt;li&gt;&lt;a href="$url('Page-Show', 'cid', 'jobs-landing')$" title="「採用情報」に移動する"&gt;採用情報&lt;/a&gt;&lt;/li&gt;&#13;
                &lt;/ul&gt;&lt;!-- END: footer_about --&gt;</custom-attribute>
            <custom-attribute attribute-id="body" xml:lang="zh-CN">&lt;h3&gt;关于&lt;/h3&gt;&#13;
                &lt;ul class="menu-footer menu pipe"&gt;&#13;
                &lt;li&gt;&lt;a href="$url('Page-Show', 'cid', 'about-us')$" title="前往关于我们"&gt;公司&lt;/a&gt;&lt;/li&gt;&#13;
                &lt;li&gt;&lt;a href="$url('Page-Show', 'cid', 'privacy-policy')$" title="前往隐私"&gt;隐私政策&lt;/a&gt;&lt;/li&gt;&#13;
                &lt;li&gt;&lt;a href="$url('Page-Show', 'cid', 'terms')$" title="前往条款"&gt;条款&lt;/a&gt;&lt;/li&gt;&#13;
                &lt;li&gt;&lt;a href="$url('Page-Show', 'cid', 'jobs-landing')$" title="前往招聘"&gt;招聘&lt;/a&gt;&lt;/li&gt;&#13;
                &lt;/ul&gt;&lt;!-- END: footer_about --&gt;</custom-attribute>
        </custom-attributes>
    </content>

    <content content-id="klarna-email-info">
        <display-name xml:lang="x-default">klarna-email-info</display-name>
        <online-flag>true</online-flag>
        <searchable-flag>false</searchable-flag>
        <page-attributes/>
        <custom-attributes>
            <custom-attribute attribute-id="body" xml:lang="x-default">&lt;span&gt;Please review in the &lt;a href="https://app.klarna.com/login"&gt;Klarna App&lt;/a&gt; your payment details and instructions for your order.&lt;/span&gt; &lt;br /&gt;&#13;
&lt;span&gt;To contact Klarna customer support team directly, follow the link here &lt;a href="https://www.klarna.com/uk/customer-service/"&gt;Klarna Customer Service&lt;/a&gt;&lt;/span&gt;</custom-attribute>
        </custom-attributes>
    </content>

    <content content-id="account-nav-registered">
        <display-name xml:lang="x-default">My Account Registered User Left Nav</display-name>
        <display-name xml:lang="zh-CN">我的账户注册用户左侧导航</display-name>
        <display-name xml:lang="fr-FR">Mon compte - Utilisateur enregistré - nav. gauche</display-name>
        <display-name xml:lang="it-IT">Navigazione sinistra Il mio account per utenti registrati</display-name>
        <display-name xml:lang="ja-JP">マイアカウント登録ユーザー左ナビゲーション</display-name>
        <online-flag>true</online-flag>
        <searchable-flag>false</searchable-flag>
        <custom-attributes>
        <custom-attribute attribute-id="body" xml:lang="x-default">&lt;span class=&quot;toggle&quot;&gt;My Account&lt;/span&gt;&#13;&lt;ul&gt;&#13;&lt;li&gt;&lt;a title=&quot;Show or update your personal information&quot; href=&quot;$httpsUrl(Account-EditProfile)$&quot;&gt;Personal Data&lt;/a&gt;&lt;/li&gt;&#13;&lt;li&gt;&lt;a title=&quot;Manage your billing and shipping addresses&quot; href=&quot;$httpsUrl(Address-List)$&quot;&gt;Addresses&lt;/a&gt;&lt;/li&gt;&#13;&lt;li&gt;&lt;a title=&quot;Manage credit cards&quot; href=&quot;$httpsUrl(PaymentInstruments-List)$&quot;&gt;Payment Settings&lt;/a&gt;&lt;/li&gt;&#13;&lt;/ul&gt;&#13;&lt;span class=&quot;toggle&quot;&gt;Order Information&lt;/span&gt;&#13;&lt;ul&gt;&#13;&lt;li&gt;&lt;a title=&quot;Order History&quot; href=&quot;$httpsUrl(Order-History)$&quot;&gt;Order History&lt;/a&gt;&lt;/li&gt;&#13;&lt;li&gt;&lt;a title=&quot;Subscriptions History&quot; href=&quot;$httpsUrl(Order-Subscriptions)$&quot;&gt;Subscriptions History&lt;/a&gt;&lt;/li&gt;&#13;&lt;/ul&gt;&#13;&lt;span class=&quot;toggle&quot;&gt;Wish List&lt;/span&gt;&#13;&lt;ul&gt;&#13;&lt;li&gt;&lt;a title=&quot;Modify your wish list&quot; href=&quot;$httpsUrl(Wishlist-Show)$&quot;&gt;Modify Wish List&lt;/a&gt;&lt;/li&gt;&#13;&lt;li&gt;&lt;a title=&quot;Search for wish lists&quot; href=&quot;$httpsUrl(Wishlist-Search)$&quot;&gt;Search Wish Lists&lt;/a&gt;&lt;/li&gt;&#13;&lt;/ul&gt;&#13;&lt;span class=&quot;toggle&quot;&gt;Gift Registries&lt;/span&gt;&#13;&lt;ul&gt;&#13;&lt;li&gt;&lt;a title=&quot;Create gift registries&quot; href=&quot;$httpsUrl(GiftRegistry-Start)$&quot;&gt;Create Registry&lt;/a&gt;&lt;/li&gt;&#13;&lt;li&gt;&lt;a title=&quot;Search for gift registries&quot; href=&quot;$httpsUrl(GiftRegistry-Start)$&quot;&gt;Search Registries&lt;/a&gt;&lt;/li&gt;&#13;&lt;li&gt;&lt;a title=&quot;View and modify your gift registries&quot; href=&quot;$httpsUrl(GiftRegistry-Start)$&quot;&gt;Modify Registries&lt;/a&gt;&lt;/li&gt;&#13;&lt;/ul&gt;&#13;$include(Page-Include, cid, account-nav-service)$</custom-attribute>
        <custom-attribute attribute-id="body" xml:lang="zh-CN">&lt;span class=&quot;toggle&quot;&gt;我的账户&lt;/span&gt;&#13;&lt;ul&gt;&#13;&lt;li&gt;&lt;a title=&quot;显示或更新您的个人信息&quot; href=&quot;$httpsUrl(Account-EditProfile)$&quot;&gt;个人数据&lt;/a&gt;&lt;/li&gt;&#13;&lt;li&gt;&lt;a title=&quot;管理您的账单和送货地址&quot; href=&quot;$httpsUrl(Address-List)$&quot;&gt;地址&lt;/a&gt;&lt;/li&gt;&#13;&lt;li&gt;&lt;a title=&quot;管理信用卡&quot; href=&quot;$httpsUrl(PaymentInstruments-List)$&quot;&gt;付款设置&lt;/a&gt;&lt;/li&gt;&#13;&lt;/ul&gt;&#13;&lt;span class=&quot;toggle&quot;&gt;订单信息&lt;/span&gt;&#13;&lt;ul&gt;&#13;&lt;li&gt;&lt;a title=&quot;订单历史记录&quot; href=&quot;$httpsUrl(Order-History)$&quot;&gt;订单历史记录&lt;/a&gt;&lt;/li&gt;&#13;&lt;/ul&gt;&#13;&lt;span class=&quot;toggle&quot;&gt;愿望清单&lt;/span&gt;&#13;&lt;ul&gt;&#13;&lt;li&gt;&lt;a title=&quot;修改您的愿望清单&quot; href=&quot;$httpsUrl(Wishlist-Show)$&quot;&gt;修改愿望清单&lt;/a&gt;&lt;/li&gt;&#13;&lt;li&gt;&lt;a title=&quot;搜索愿望清单&quot; href=&quot;$httpsUrl(Wishlist-Search)$&quot;&gt;搜索愿望清单&lt;/a&gt;&lt;/li&gt;&#13;&lt;/ul&gt;&#13;&lt;span class=&quot;toggle&quot;&gt;礼品登记&lt;/span&gt;&#13;&lt;ul&gt;&#13;&lt;li&gt;&lt;a title=&quot;创建礼品登记&quot; href=&quot;$httpsUrl(GiftRegistry-Start)$&quot;&gt;创建登记&lt;/a&gt;&lt;/li&gt;&#13;&lt;li&gt;&lt;a title=&quot;搜索礼品登记&quot; href=&quot;$httpsUrl(GiftRegistry-Start)$&quot;&gt;搜索登记&lt;/a&gt;&lt;/li&gt;&#13;&lt;li&gt;&lt;a title=&quot;查看和修改您的礼品登记&quot; href=&quot;$httpsUrl(GiftRegistry-Start)$&quot;&gt;修改登记&lt;/a&gt;&lt;/li&gt;&#13;&lt;/ul&gt;&#13;$include(Page-Include, cid, account-nav-service)$</custom-attribute>
        <custom-attribute attribute-id="body" xml:lang="fr-FR">&lt;span class=&quot;toggle&quot;&gt;Mon compte&lt;/span&gt;&#13;&lt;ul&gt;&#13;&lt;li&gt;&lt;a title=&quot;Afficher ou mettre à jour vos informations personnelles&quot; href=&quot;$httpsUrl(Account-EditProfile)$&quot;&gt;Données personnelles&lt;/a&gt;&lt;/li&gt;&#13;&lt;li&gt;&lt;a title=&quot;Gérer vos adresses de facturation et de livraison&quot; href=&quot;$httpsUrl(Address-List)$&quot;&gt;Adresses&lt;/a&gt;&lt;/li&gt;&#13;&lt;li&gt;&lt;a title=&quot;Gérer les cartes de crédit&quot; href=&quot;$httpsUrl(PaymentInstruments-List)$&quot;&gt;Modes de paiement&lt;/a&gt;&lt;/li&gt;&#13;&lt;/ul&gt;&#13;&lt;span class=&quot;toggle&quot;&gt;Informations sur la commande&lt;/span&gt;&#13;&lt;ul&gt;&#13;&lt;li&gt;&lt;a title=&quot;Historique des commandes&quot; href=&quot;$httpsUrl(Order-History)$&quot;&gt;Historique des commandes&lt;/a&gt;&lt;/li&gt;&#13;&lt;/ul&gt;&#13;&lt;span class=&quot;toggle&quot;&gt;Liste de souhaits&lt;/span&gt;&#13;&lt;ul&gt;&#13;&lt;li&gt;&lt;a title=&quot;Modifier votre liste de souhaits&quot; href=&quot;$httpsUrl(Wishlist-Show)$&quot;&gt;Modifier la liste de souhaits&lt;/a&gt;&lt;/li&gt;&#13;&lt;li&gt;&lt;a title=&quot;Rechercher les listes de souhaits&quot; href=&quot;$httpsUrl(Wishlist-Search)$&quot;&gt;Rechercher les listes de souhaits&lt;/a&gt;&lt;/li&gt;&#13;&lt;/ul&gt;&#13;&lt;span class=&quot;toggle&quot;&gt;Listes de cadeaux&lt;/span&gt;&#13;&lt;ul&gt;&#13;&lt;li&gt;&lt;a title=&quot;Créer des listes de cadeaux&quot; href=&quot;$httpsUrl(GiftRegistry-Start)$&quot;&gt;Créer une liste&lt;/a&gt;&lt;/li&gt;&#13;&lt;li&gt;&lt;a title=&quot;Rechercher des listes de cadeaux&quot; href=&quot;$httpsUrl(GiftRegistry-Start)$&quot;&gt;Rechercher des listes&lt;/a&gt;&lt;/li&gt;&#13;&lt;li&gt;&lt;a title=&quot;Afficher et modifier vos listes de cadeaux&quot; href=&quot;$httpsUrl(GiftRegistry-Start)$&quot;&gt;Modifier les listes&lt;/a&gt;&lt;/li&gt;&#13;&lt;/ul&gt;&#13;$include(Page-Include, cid, account-nav-service)$</custom-attribute>
        <custom-attribute attribute-id="body" xml:lang="it-IT">&lt;span class=&quot;toggle&quot;&gt;Il mio account&lt;/span&gt;&#13;&lt;ul&gt;&#13;&lt;li&gt;&lt;a title=&quot;Mostra o aggiorna i tuoi dati personali&quot; href=&quot;$httpsUrl(Account-EditProfile)$&quot;&gt;Dati personali&lt;/a&gt;&lt;/li&gt;&#13;&lt;li&gt;&lt;a title=&quot;Gestisci gli indirizzi di fatturazione e di spedizione&quot; href=&quot;$httpsUrl(Address-List)$&quot;&gt;Indirizzi&lt;/a&gt;&lt;/li&gt;&#13;&lt;li&gt;&lt;a title=&quot;Gestisci le carte di credito&quot; href=&quot;$httpsUrl(PaymentInstruments-List)$&quot;&gt;Impostazioni di pagamento&lt;/a&gt;&lt;/li&gt;&#13;&lt;/ul&gt;&#13;&lt;span class=&quot;toggle&quot;&gt;Informazioni sugli ordini&lt;/span&gt;&#13;&lt;ul&gt;&#13;&lt;li&gt;&lt;a title=&quot;Cronologia ordini&quot; href=&quot;$httpsUrl(Order-History)$&quot;&gt;Cronologia ordini&lt;/a&gt;&lt;/li&gt;&#13;&lt;/ul&gt;&#13;&lt;span class=&quot;toggle&quot;&gt;Lista desideri&lt;/span&gt;&#13;&lt;ul&gt;&#13;&lt;li&gt;&lt;a title=&quot;Modifica la tua lista desideri&quot; href=&quot;$httpsUrl(Wishlist-Show)$&quot;&gt;Modifica lista desideri&lt;/a&gt;&lt;/li&gt;&#13;&lt;li&gt;&lt;a title=&quot;Cerca le liste desideri&quot; href=&quot;$httpsUrl(Wishlist-Search)$&quot;&gt;Cerca liste desideri&lt;/a&gt;&lt;/li&gt;&#13;&lt;/ul&gt;&#13;&lt;span class=&quot;toggle&quot;&gt;Liste regali&lt;/span&gt;&#13;&lt;ul&gt;&#13;&lt;li&gt;&lt;a title=&quot;Crea liste regali&quot; href=&quot;$httpsUrl(GiftRegistry-Start)$&quot;&gt;Crea lista regali&lt;/a&gt;&lt;/li&gt;&#13;&lt;li&gt;&lt;a title=&quot;Cerca liste regali&quot; href=&quot;$httpsUrl(GiftRegistry-Start)$&quot;&gt;Cerca liste regali&lt;/a&gt;&lt;/li&gt;&#13;&lt;li&gt;&lt;a title=&quot;Visualizza e modifica le tue liste regali&quot; href=&quot;$httpsUrl(GiftRegistry-Start)$&quot;&gt;Modifica liste regali&lt;/a&gt;&lt;/li&gt;&#13;&lt;/ul&gt;&#13;$include(Page-Include, cid, account-nav-service)$</custom-attribute>
        <custom-attribute attribute-id="body" xml:lang="ja-JP">&lt;span class=&quot;toggle&quot;&gt;マイアカウント&lt;/span&gt;&#13;&lt;ul&gt;&#13;&lt;li&gt;&lt;a title=&quot;個人情報を表示または更新します&quot; href=&quot;$httpsUrl(Account-EditProfile)$&quot;&gt;個人データ&lt;/a&gt;&lt;/li&gt;&#13;&lt;li&gt;&lt;a title=&quot;請求先住所と配送先住所を管理します&quot; href=&quot;$httpsUrl(Address-List)$&quot;&gt;住所&lt;/a&gt;&lt;/li&gt;&#13;&lt;li&gt;&lt;a title=&quot;クレジットカードの管理&quot; href=&quot;$httpsUrl(PaymentInstruments-List)$&quot;&gt;支払設定&lt;/a&gt;&lt;/li&gt;&#13;&lt;/ul&gt;&#13;&lt;span class=&quot;toggle&quot;&gt;注文情報&lt;/span&gt;&#13;&lt;ul&gt;&#13;&lt;li&gt;&lt;a title=&quot;注文履歴&quot; href=&quot;$httpsUrl(Order-History)$&quot;&gt;注文履歴&lt;/a&gt;&lt;/li&gt;&#13;&lt;/ul&gt;&#13;&lt;span class=&quot;toggle&quot;&gt;ほしい物リスト&lt;/span&gt;&#13;&lt;ul&gt;&#13;&lt;li&gt;&lt;a title=&quot;ほしい物リストを変更します&quot; href=&quot;$httpsUrl(Wishlist-Show)$&quot;&gt;ほしい物リストの変更&lt;/a&gt;&lt;/li&gt;&#13;&lt;li&gt;&lt;a title=&quot;ほしい物リストを検索します&quot; href=&quot;$httpsUrl(Wishlist-Search)$&quot;&gt;ほしい物リストの検索&lt;/a&gt;&lt;/li&gt;&#13;&lt;/ul&gt;&#13;&lt;span class=&quot;toggle&quot;&gt;ギフトレジストリ&lt;/span&gt;&#13;&lt;ul&gt;&#13;&lt;li&gt;&lt;a title=&quot;ギフトレジストリを作成します&quot; href=&quot;$httpsUrl(GiftRegistry-Start)$&quot;&gt;レジストリの作成&lt;/a&gt;&lt;/li&gt;&#13;&lt;li&gt;&lt;a title=&quot;ギフトレジストリを検索します&quot; href=&quot;$httpsUrl(GiftRegistry-Start)$&quot;&gt;レジストリの検索&lt;/a&gt;&lt;/li&gt;&#13;&lt;li&gt;&lt;a title=&quot;ギフトレジストリの表示または変更を行います&quot; href=&quot;$httpsUrl(GiftRegistry-Start)$&quot;&gt;レジストリの変更&lt;/a&gt;&lt;/li&gt;&#13;&lt;/ul&gt;&#13;$include(Page-Include, cid, account-nav-service)$</custom-attribute>
        </custom-attributes>
        <folder-links>
        </folder-links>
    </content>

</library>
