<?xml version="1.0" encoding="UTF-8"?>
<metadata xmlns="http://www.demandware.com/xml/impex/metadata/2006-10-31">
    <custom-type type-id="KlarnaCountries">
        <display-name xml:lang="x-default">Klarna Countries</display-name>
        <staging-mode>no-staging</staging-mode>
        <storage-scope>site</storage-scope>
        <key-definition attribute-id="country">
            <display-name xml:lang="x-default">Country Code</display-name>
            <description xml:lang="x-default">Two-letter country code</description>
            <type>string</type>
            <min-length>0</min-length>
            <field-length>0</field-length>
        </key-definition>
        <attribute-definitions>
            <attribute-definition attribute-id="klarnaLocale">
                <display-name xml:lang="x-default">On-site Messaging Data Default Locale</display-name>
                <description xml:lang="x-default">Fallback, if the request locale can’t be dynamically resolved, i.e., when using “default” SFCC locale</description>
                <type>string</type>
                <localizable-flag>false</localizable-flag>
                <mandatory-flag>false</mandatory-flag>
                <externally-managed-flag>false</externally-managed-flag>
                <min-length>0</min-length>
            </attribute-definition>
            <attribute-definition attribute-id="credentialID">
                <display-name xml:lang="x-default">Service Credential ID</display-name>
                <description xml:lang="x-default">The ID of service credentials for this locale</description>
                <type>string</type>
                <localizable-flag>false</localizable-flag>
                <mandatory-flag>false</mandatory-flag>
                <externally-managed-flag>false</externally-managed-flag>
                <min-length>0</min-length>
            </attribute-definition>
            <attribute-definition attribute-id="osmUCI">
                <display-name xml:lang="x-default">On-site messaging Data Client ID</display-name>
                <description xml:lang="x-default">The Klarna On-site Messaging “data-client-id” applicable for a given country</description>
                <type>string</type>
                <localizable-flag>false</localizable-flag>
                <mandatory-flag>false</mandatory-flag>
                <externally-managed-flag>false</externally-managed-flag>
                <min-length>0</min-length>
            </attribute-definition>
            <attribute-definition attribute-id="osmCartEnabled">
                <display-name xml:lang="x-default">Cart Placement Tag Enabled</display-name>
                <description xml:lang="x-default">To enable Cart Placement for a given locale.</description>
                <type>boolean</type>
                <mandatory-flag>false</mandatory-flag>
                <externally-managed-flag>false</externally-managed-flag>
            </attribute-definition>
            <attribute-definition attribute-id="osmCartTagId">
                <display-name xml:lang="x-default">Cart Placement Data Key</display-name>
                <description xml:lang="x-default">The Klarna On-site Messaging “data-key” of placement applicable for Cart Page for a given locale.</description>
                <type>string</type>
                <mandatory-flag>false</mandatory-flag>
                <externally-managed-flag>false</externally-managed-flag>
            </attribute-definition>
            <attribute-definition attribute-id="osmCartTheme">
                <display-name xml:lang="x-default">Cart Placement Theme</display-name>
                <type>enum-of-string</type>
                <localizable-flag>false</localizable-flag>
                <mandatory-flag>false</mandatory-flag>
                <externally-managed-flag>false</externally-managed-flag>
                <value-definitions>
                    <value-definition default="true">
                        <display xml:lang="x-default">Default</display>
                        <value>default</value>
                    </value-definition>
                    <value-definition>
                        <display xml:lang="x-default">Dark</display>
                        <value>dark</value>
                    </value-definition>
                </value-definitions>
            </attribute-definition>
            <attribute-definition attribute-id="osmCartCustomStyling">
                <display-name xml:lang="x-default">Cart Placement Custom Styling (#osm-cart-placement)</display-name>
                <type>text</type>
                <localizable-flag>false</localizable-flag>
                <mandatory-flag>false</mandatory-flag>
                <externally-managed-flag>false</externally-managed-flag>
            </attribute-definition>
            <attribute-definition attribute-id="osmPDPEnabled">
                <display-name xml:lang="x-default">PDP Placement Tag Enabled</display-name>
                <description xml:lang="x-default">To enable PDP Placement for a given locale.</description>
                <type>boolean</type>
                <mandatory-flag>false</mandatory-flag>
                <externally-managed-flag>false</externally-managed-flag>
            </attribute-definition>
            <attribute-definition attribute-id="osmPDPTagId">
                <display-name xml:lang="x-default">PDP Placement Data Key</display-name>
                <description xml:lang="x-default">The Klarna On-site Messaging “data-key” of placement applicable for Product Display page for a given locale</description>
                <type>string</type>
                <mandatory-flag>false</mandatory-flag>
                <externally-managed-flag>false</externally-managed-flag>
            </attribute-definition>
            <attribute-definition attribute-id="osmPDPTheme">
                <display-name xml:lang="x-default">PDP Placement Theme</display-name>
                <type>enum-of-string</type>
                <localizable-flag>false</localizable-flag>
                <mandatory-flag>false</mandatory-flag>
                <externally-managed-flag>false</externally-managed-flag>
                <value-definitions>
                    <value-definition default="true">
                        <display xml:lang="x-default">Default</display>
                        <value>default</value>
                    </value-definition>
                    <value-definition>
                        <display xml:lang="x-default">Dark</display>
                        <value>dark</value>
                    </value-definition>
                </value-definitions>
            </attribute-definition>
            <attribute-definition attribute-id="osmPDPCustomStyling">
                <display-name xml:lang="x-default">PDP Placement Custom Styling (#osm-pdp-placement)</display-name>
                <type>text</type>
                <localizable-flag>false</localizable-flag>
                <mandatory-flag>false</mandatory-flag>
                <externally-managed-flag>false</externally-managed-flag>
            </attribute-definition>
            <attribute-definition attribute-id="osmHeaderEnabled">
                <display-name xml:lang="x-default">Header Placement Tag Enabled</display-name>
                <description xml:lang="x-default">To enable Klarna Header Placement in a given storefront</description>
                <type>boolean</type>
                <mandatory-flag>false</mandatory-flag>
                <externally-managed-flag>false</externally-managed-flag>
            </attribute-definition>
            <attribute-definition attribute-id="osmHeaderTagId">
                <display-name xml:lang="x-default">Header Placement Data Key</display-name>
                <description xml:lang="x-default">The Klarna On-site Messaging “data-key” of placement applicable for the Header</description>
                <type>string</type>
                <mandatory-flag>false</mandatory-flag>
                <externally-managed-flag>false</externally-managed-flag>
            </attribute-definition>
            <attribute-definition attribute-id="osmHeaderTheme">
                <display-name xml:lang="x-default">Header Placement Theme</display-name>
                <type>enum-of-string</type>
                <localizable-flag>false</localizable-flag>
                <mandatory-flag>false</mandatory-flag>
                <externally-managed-flag>false</externally-managed-flag>
                <value-definitions>
                    <value-definition default="true">
                        <display xml:lang="x-default">Default</display>
                        <value>default</value>
                    </value-definition>
                    <value-definition>
                        <display xml:lang="x-default">Dark</display>
                        <value>dark</value>
                    </value-definition>
                </value-definitions>
            </attribute-definition>
            <attribute-definition attribute-id="osmHeaderCustomStyling">
                <display-name xml:lang="x-default">Header Placement Custom Styling (#osm-header-placement)</display-name>
                <type>text</type>
                <localizable-flag>false</localizable-flag>
                <mandatory-flag>false</mandatory-flag>
                <externally-managed-flag>false</externally-managed-flag>
            </attribute-definition>
            <attribute-definition attribute-id="osmFooterEnabled">
                <display-name xml:lang="x-default">Footer Placement Tag Enabled</display-name>
                <description xml:lang="x-default">To enable Klarna footer Placement in a given storefront</description>
                <type>boolean</type>
                <mandatory-flag>false</mandatory-flag>
                <externally-managed-flag>false</externally-managed-flag>
            </attribute-definition>
            <attribute-definition attribute-id="osmFooterTagId">
                <display-name xml:lang="x-default">Footer Placement Data Key</display-name>
                <description xml:lang="x-default">The Klarna On-site Messaging “data-key” of placement applicable for the footer.</description>
                <type>string</type>
                <mandatory-flag>false</mandatory-flag>
                <externally-managed-flag>false</externally-managed-flag>
            </attribute-definition>
            <attribute-definition attribute-id="osmFooterTheme">
                <display-name xml:lang="x-default">Footer Placement Theme</display-name>
                <type>enum-of-string</type>
                <localizable-flag>false</localizable-flag>
                <mandatory-flag>false</mandatory-flag>
                <externally-managed-flag>false</externally-managed-flag>
                <value-definitions>
                    <value-definition default="true">
                        <display xml:lang="x-default">Default</display>
                        <value>default</value>
                    </value-definition>
                    <value-definition>
                        <display xml:lang="x-default">Dark</display>
                        <value>dark</value>
                    </value-definition>
                </value-definitions>
            </attribute-definition>
            <attribute-definition attribute-id="osmFooterCustomStyling">
                <display-name xml:lang="x-default">Footer Placement Custom Styling (#osm-footer-placement)</display-name>
                <type>text</type>
                <localizable-flag>false</localizable-flag>
                <mandatory-flag>false</mandatory-flag>
                <externally-managed-flag>false</externally-managed-flag>
            </attribute-definition>
            <attribute-definition attribute-id="osmInfoPageEnabled">
                <display-name xml:lang="x-default">Info Page Placement Tag Enabled</display-name>
                <description xml:lang="x-default">To enable Klarna Info Page Placement in a given storefront</description>
                <type>boolean</type>
                <mandatory-flag>false</mandatory-flag>
                <externally-managed-flag>false</externally-managed-flag>
            </attribute-definition>
            <attribute-definition attribute-id="osmInfoPageTagId">
                <display-name xml:lang="x-default">Info Page Placement Data Key</display-name>
                <description xml:lang="x-default">The Klarna On-site Messaging “data-key” of placement applicable for the Info Page .</description>
                <type>string</type>
                <mandatory-flag>false</mandatory-flag>
                <externally-managed-flag>false</externally-managed-flag>
            </attribute-definition>
            <attribute-definition attribute-id="osmInfoPageTheme">
                <display-name xml:lang="x-default">Info Page Placement Theme</display-name>
                <type>enum-of-string</type>
                <localizable-flag>false</localizable-flag>
                <mandatory-flag>false</mandatory-flag>
                <externally-managed-flag>false</externally-managed-flag>
                <value-definitions>
                    <value-definition default="true">
                        <display xml:lang="x-default">Default</display>
                        <value>default</value>
                    </value-definition>
                    <value-definition>
                        <display xml:lang="x-default">Dark</display>
                        <value>dark</value>
                    </value-definition>
                </value-definitions>
            </attribute-definition>
            <attribute-definition attribute-id="osmInfoPageCustomStyling">
                <display-name xml:lang="x-default">Info Page Placement Custom Styling (#osm-info-page-placement)</display-name>
                <type>text</type>
                <localizable-flag>false</localizable-flag>
                <mandatory-flag>false</mandatory-flag>
                <externally-managed-flag>false</externally-managed-flag>
            </attribute-definition>
            <attribute-definition attribute-id="osmDataInlineEnabled">
                <display-name xml:lang="x-default">Data Inline Enabled on PDP/Cart placement (Canada only)</display-name>
                <description xml:lang="x-default">Enable this when using PayBright payment method in Canada</description>
                <type>boolean</type>
                <mandatory-flag>false</mandatory-flag>
                <externally-managed-flag>false</externally-managed-flag>
            </attribute-definition>
            <attribute-definition attribute-id="osmLibraryUrl">
                <display-name xml:lang="x-default">URL to On-Site Messaging Library URL</display-name>
                <description xml:lang="x-default">URL to On-Site Messaging Library URL, applicable for testing and production</description>
                <type>string</type>
                <localizable-flag>false</localizable-flag>
                <mandatory-flag>false</mandatory-flag>
                <externally-managed-flag>false</externally-managed-flag>
                <min-length>0</min-length>
            </attribute-definition>
            <attribute-definition attribute-id="kebEnvironment">
                <display-name xml:lang="x-default">Express Button Environment</display-name>
                <type>enum-of-string</type>
                <localizable-flag>false</localizable-flag>
                <mandatory-flag>false</mandatory-flag>
                <externally-managed-flag>false</externally-managed-flag>
                <value-definitions>
                    <value-definition default="true">
                        <display xml:lang="x-default">Playground</display>
                        <value>playground</value>
                    </value-definition>
                    <value-definition>
                        <display xml:lang="x-default">Production</display>
                        <value>production</value>
                    </value-definition>
                </value-definitions>
            </attribute-definition>
            <attribute-definition attribute-id="kebMerchantID">
                <display-name xml:lang="x-default">Express Button Merchant ID</display-name>
                <type>string</type>
                <localizable-flag>false</localizable-flag>
                <mandatory-flag>false</mandatory-flag>
                <externally-managed-flag>false</externally-managed-flag>
                <min-length>0</min-length>
            </attribute-definition>
            <attribute-definition attribute-id="kebLibraryUrl">
                <display-name xml:lang="x-default">Express Button Library URL</display-name>
                <type>string</type>
                <localizable-flag>false</localizable-flag>
                <mandatory-flag>false</mandatory-flag>
                <externally-managed-flag>false</externally-managed-flag>
                <min-length>0</min-length>
            </attribute-definition>
            <attribute-definition attribute-id="kebCartEnabled">
                <display-name xml:lang="x-default">Express Button Cart Enabled</display-name>
                <type>boolean</type>
                <mandatory-flag>false</mandatory-flag>
                <externally-managed-flag>false</externally-managed-flag>
            </attribute-definition>
            <attribute-definition attribute-id="kebTheme">
                <display-name xml:lang="x-default">Express Button Theme</display-name>
                <type>enum-of-string</type>
                <localizable-flag>false</localizable-flag>
                <mandatory-flag>false</mandatory-flag>
                <externally-managed-flag>false</externally-managed-flag>
                <value-definitions>
                    <value-definition default="true">
                        <display xml:lang="x-default">Default</display>
                        <value>default</value>
                    </value-definition>
                    <value-definition>
                        <display xml:lang="x-default">Light</display>
                        <value>light</value>
                    </value-definition>
                    <value-definition>
                        <display xml:lang="x-default">Dark</display>
                        <value>dark</value>
                    </value-definition>
                </value-definitions>
            </attribute-definition>
            <attribute-definition attribute-id="kebCategory">
                <display-name xml:lang="x-default">Express Button Category</display-name>
                <description xml:lang="x-default">The Klarna Express Button category to be pre-selected on Checkout Page</description>
                <type>string</type>
                <localizable-flag>false</localizable-flag>
                <mandatory-flag>false</mandatory-flag>
                <externally-managed-flag>false</externally-managed-flag>
                <min-length>0</min-length>
            </attribute-definition>
            <attribute-definition attribute-id="paymentMethodID">
                <display-name xml:lang="x-default">Payment Method ID</display-name>
                <description xml:lang="x-default">Payment Method ID that should be used for placing of the order. If not defined, by default the payment method that should be used is 'KLARNA_PAYMENTS'.</description>
                <type>string</type>
                <localizable-flag>false</localizable-flag>
                <mandatory-flag>false</mandatory-flag>
                <externally-managed-flag>false</externally-managed-flag>
                <min-length>0</min-length>
            </attribute-definition>
            <attribute-definition attribute-id="kebMCEnabled">
                <display-name xml:lang="x-default">MiniCart Express Button Enabled</display-name>
                <type>boolean</type>
                <mandatory-flag>false</mandatory-flag>
                <externally-managed-flag>false</externally-managed-flag>
            </attribute-definition>
            <attribute-definition attribute-id="kebMCTheme">
                <display-name xml:lang="x-default">MiniCart Express Button Theme</display-name>
                <type>enum-of-string</type>
                <localizable-flag>false</localizable-flag>
                <mandatory-flag>false</mandatory-flag>
                <externally-managed-flag>false</externally-managed-flag>
                <value-definitions>
                    <value-definition default="true">
                        <display xml:lang="x-default">Default</display>
                        <value>default</value>
                    </value-definition>
                    <value-definition>
                        <display xml:lang="x-default">Light</display>
                        <value>light</value>
                    </value-definition>
                    <value-definition>
                        <display xml:lang="x-default">Dark</display>
                        <value>dark</value>
                    </value-definition>
                </value-definitions>
            </attribute-definition>
            <attribute-definition attribute-id="kebShape">
                <display-name xml:lang="x-default">Express Button Shape</display-name>
                <type>enum-of-string</type>
                <localizable-flag>false</localizable-flag>
                <mandatory-flag>false</mandatory-flag>
                <externally-managed-flag>false</externally-managed-flag>
                <value-definitions>
                    <value-definition default="true">
                        <display xml:lang="x-default">Regular</display>
                        <value>default</value>
                    </value-definition>
                    <value-definition>
                        <display xml:lang="x-default">Rectangle</display>
                        <value>rect</value>
                    </value-definition>
                    <value-definition>
                        <display xml:lang="x-default">Pill</display>
                        <value>pill</value>
                    </value-definition>
                </value-definitions>
            </attribute-definition>
            <attribute-definition attribute-id="kebMiniCartShape">
                <display-name xml:lang="x-default">Minicart Express Button Shape</display-name>
                <type>enum-of-string</type>
                <localizable-flag>false</localizable-flag>
                <mandatory-flag>false</mandatory-flag>
                <externally-managed-flag>false</externally-managed-flag>
                <value-definitions>
                    <value-definition default="true">
                        <display xml:lang="x-default">Regular</display>
                        <value>default</value>
                    </value-definition>
                    <value-definition>
                        <display xml:lang="x-default">Rectangle</display>
                        <value>rect</value>
                    </value-definition>
                    <value-definition>
                        <display xml:lang="x-default">Pill</display>
                        <value>pill</value>
                    </value-definition>
                </value-definitions>
            </attribute-definition>
            <attribute-definition attribute-id="expressCheckoutClientKey">
                <display-name xml:lang="x-default">Klarna Client Identifier</display-name>
                <type>string</type>
                <localizable-flag>false</localizable-flag>
                <mandatory-flag>false</mandatory-flag>
                <externally-managed-flag>false</externally-managed-flag>
                <min-length>0</min-length>
            </attribute-definition>
            <attribute-definition attribute-id="osmEnvironment">
                <display-name xml:lang="x-default">On-Site Messaging Environment</display-name>
                <type>enum-of-string</type>
                <localizable-flag>false</localizable-flag>
                <mandatory-flag>false</mandatory-flag>
                <externally-managed-flag>false</externally-managed-flag>
                <value-definitions>
                    <value-definition default="true">
                        <display xml:lang="x-default">Playground</display>
                        <value>playground</value>
                    </value-definition>
                    <value-definition>
                        <display xml:lang="x-default">Production</display>
                        <value>production</value>
                    </value-definition>
                </value-definitions>
            </attribute-definition>
            <attribute-definition attribute-id="signInClientId">
                <display-name xml:lang="x-default">Klarna SignIn ClientID</display-name>
                <type>string</type>
                <localizable-flag>false</localizable-flag>
                <mandatory-flag>false</mandatory-flag>
                <externally-managed-flag>false</externally-managed-flag>
                <min-length>0</min-length>
            </attribute-definition>
            <attribute-definition attribute-id="region">
                <display-name xml:lang="x-default">Region</display-name>
                <type>string</type>
                <localizable-flag>false</localizable-flag>
                <mandatory-flag>false</mandatory-flag>
                <externally-managed-flag>false</externally-managed-flag>
                <min-length>0</min-length>
            </attribute-definition>
        </attribute-definitions>
        <group-definitions>
            <attribute-group group-id="custom">
                <display-name xml:lang="x-default">General</display-name>
                <attribute attribute-id="country"/>
                <attribute attribute-id="klarnaLocale"/>
                <attribute attribute-id="credentialID"/>
                <attribute attribute-id="paymentMethodID"/>
                <attribute attribute-id="region"/>
            </attribute-group>
            <attribute-group group-id="osm">
                <display-name xml:lang="x-default">On-site Messaging</display-name>
                <attribute attribute-id="osmLibraryUrl"/>
                <attribute attribute-id="osmUCI"/>
                <attribute attribute-id="osmEnvironment"/>
                <attribute attribute-id="osmCartEnabled"/>
                <attribute attribute-id="osmCartTagId"/>
                <attribute attribute-id="osmCartTheme"/>
                <attribute attribute-id="osmCartCustomStyling"/>
                <attribute attribute-id="osmPDPEnabled"/>
                <attribute attribute-id="osmPDPTagId"/>
                <attribute attribute-id="osmPDPTheme"/>
                <attribute attribute-id="osmPDPCustomStyling"/>
                <attribute attribute-id="osmHeaderEnabled"/>
                <attribute attribute-id="osmHeaderTagId"/>
                <attribute attribute-id="osmHeaderTheme"/>
                <attribute attribute-id="osmHeaderCustomStyling"/>
                <attribute attribute-id="osmFooterEnabled"/>
                <attribute attribute-id="osmFooterTagId"/>
                <attribute attribute-id="osmFooterTheme"/>
                <attribute attribute-id="osmFooterCustomStyling"/>
                <attribute attribute-id="osmInfoPageEnabled"/>
                <attribute attribute-id="osmInfoPageTagId"/>
                <attribute attribute-id="osmInfoPageTheme"/>
                <attribute attribute-id="osmInfoPageCustomStyling"/>
                <attribute attribute-id="osmDataInlineEnabled"/>
            </attribute-group>
            <attribute-group group-id="expressButton">
                <display-name xml:lang="x-default">Express Button</display-name>
                <attribute attribute-id="kebMerchantID"/>
                <attribute attribute-id="kebEnvironment"/>
                <attribute attribute-id="kebTheme"/>
                <attribute attribute-id="kebShape"/>
                <attribute attribute-id="kebCartEnabled"/>
                <attribute attribute-id="kebLibraryUrl"/>
                <attribute attribute-id="kebCategory"/>
            </attribute-group>
            <attribute-group group-id="expressMCButton">
                <display-name xml:lang="x-default">MiniCart Express Button</display-name>
                <attribute attribute-id="kebMCEnabled"/>
                <attribute attribute-id="kebMCTheme"/>
                <attribute attribute-id="kebMiniCartShape"/>
            </attribute-group>
            <attribute-group group-id="expressCheckout">
                <display-name xml:lang="x-default">Express Checkout</display-name>
                <attribute attribute-id="expressCheckoutClientKey"/>
            </attribute-group>
            <attribute-group group-id="signInClientId">
                <display-name xml:lang="x-default">Sign In Client ID</display-name>
                <attribute attribute-id="signInClientId"/>
            </attribute-group>
        </group-definitions>
    </custom-type>

    <custom-type type-id="KlarnaActivation">
        <display-name xml:lang="x-default">Klarna Activation</display-name>
        <description xml:lang="x-default">Klarna Activation</description>
        <staging-mode>no-staging</staging-mode>
        <storage-scope>site</storage-scope>
        <key-definition attribute-id="kp_activation_key">
            <display-name xml:lang="x-default">Klarna Activation Key</display-name>
            <type>string</type>
            <min-length>0</min-length>
        </key-definition>
        <attribute-definitions>
            <attribute-definition attribute-id="KP_API_Password_countries">
                <display-name xml:lang="x-default">API Password</display-name>
                <type>password</type>
                <mandatory-flag>true</mandatory-flag>
                <externally-managed-flag>false</externally-managed-flag>
            </attribute-definition>
            <attribute-definition attribute-id="KP_API_Username_countries">
                <display-name xml:lang="x-default">API Username</display-name>
                <type>string</type>
                <localizable-flag>false</localizable-flag>
                <mandatory-flag>true</mandatory-flag>
                <externally-managed-flag>false</externally-managed-flag>
                <min-length>0</min-length>
            </attribute-definition>
            <attribute-definition attribute-id="kpVCNEnabled_countries">
                <display-name xml:lang="x-default">Enable Virtual Card Number (VCN)</display-name>
                <type>boolean</type>
                <mandatory-flag>false</mandatory-flag>
                <externally-managed-flag>false</externally-managed-flag>
            </attribute-definition>
            <attribute-definition attribute-id="kpVCNRetry_countries">
                <display-name xml:lang="x-default">Enable settlement retry</display-name>
                <type>boolean</type>
                <mandatory-flag>false</mandatory-flag>
                <externally-managed-flag>false</externally-managed-flag>
            </attribute-definition>
            <attribute-definition attribute-id="kpVCNkeyId_countries">
                <display-name xml:lang="x-default">Public Key ID</display-name>
                <type>string</type>
                <localizable-flag>false</localizable-flag>
                <mandatory-flag>false</mandatory-flag>
                <externally-managed-flag>false</externally-managed-flag>
                <min-length>0</min-length>
            </attribute-definition>
            <attribute-definition attribute-id="kp_client_id_countries">
                <display-name xml:lang="x-default">Client ID</display-name>
                <type>string</type>
                <localizable-flag>false</localizable-flag>
                <mandatory-flag>true</mandatory-flag>
                <externally-managed-flag>false</externally-managed-flag>
                <min-length>0</min-length>
            </attribute-definition>
            <attribute-definition attribute-id="kp_market_countries">
                <display-name xml:lang="x-default">Market(s)</display-name>
                <type>enum-of-string</type>
                <localizable-flag>false</localizable-flag>
                <mandatory-flag>true</mandatory-flag>
                <externally-managed-flag>false</externally-managed-flag>
                <select-multiple-flag>true</select-multiple-flag>
                <value-definitions>
                    <value-definition>
                        <display xml:lang="x-default">Australia</display>
                        <value>AU</value>
                    </value-definition>
                    <value-definition>
                        <display xml:lang="x-default">Austria</display>
                        <value>AT</value>
                    </value-definition>
                    <value-definition>
                        <display xml:lang="x-default">Belgium</display>
                        <value>BE</value>
                    </value-definition>
                    <value-definition>
                        <display xml:lang="x-default">Canada</display>
                        <value>CA</value>
                    </value-definition>
                    <value-definition>
                        <display xml:lang="x-default">Czech Republic</display>
                        <value>CZ</value>
                    </value-definition>
                    <value-definition>
                        <display xml:lang="x-default">Denmark</display>
                        <value>DK</value>
                    </value-definition>
                    <value-definition>
                        <display xml:lang="x-default">Finland</display>
                        <value>FI</value>
                    </value-definition>
                    <value-definition>
                        <display xml:lang="x-default">France</display>
                        <value>FR</value>
                    </value-definition>
                    <value-definition>
                        <display xml:lang="x-default">Germany</display>
                        <value>DE</value>
                    </value-definition>
                    <value-definition>
                        <display xml:lang="x-default">Greece</display>
                        <value>GR</value>
                    </value-definition>
                    <value-definition>
                        <display xml:lang="x-default">Hungary</display>
                        <value>HU</value>
                    </value-definition>
                    <value-definition>
                        <display xml:lang="x-default">Ireland (Republic of Ireland)</display>
                        <value>IE</value>
                    </value-definition>
                    <value-definition>
                        <display xml:lang="x-default">Italy</display>
                        <value>IT</value>
                    </value-definition>
                    <value-definition>
                        <display xml:lang="x-default">Mexico</display>
                        <value>MX</value>
                    </value-definition>
                    <value-definition>
                        <display xml:lang="x-default">Netherlands</display>
                        <value>NL</value>
                    </value-definition>
                    <value-definition>
                        <display xml:lang="x-default">New Zealand</display>
                        <value>NZ</value>
                    </value-definition>
                    <value-definition>
                        <display xml:lang="x-default">Norway</display>
                        <value>NO</value>
                    </value-definition>
                    <value-definition>
                        <display xml:lang="x-default">Poland</display>
                        <value>PL</value>
                    </value-definition>
                    <value-definition>
                        <display xml:lang="x-default">Portugal</display>
                        <value>PT</value>
                    </value-definition>
                    <value-definition>
                        <display xml:lang="x-default">Romania</display>
                        <value>RO</value>
                    </value-definition>
                    <value-definition>
                        <display xml:lang="x-default">Slovakia</display>
                        <value>SK</value>
                    </value-definition>
                    <value-definition>
                        <display xml:lang="x-default">Spain</display>
                        <value>ES</value>
                    </value-definition>
                    <value-definition>
                        <display xml:lang="x-default">Sweden</display>
                        <value>SE</value>
                    </value-definition>
                    <value-definition>
                        <display xml:lang="x-default">Switzerland</display>
                        <value>CH</value>
                    </value-definition>
                    <value-definition>
                        <display xml:lang="x-default">United Kingdom</display>
                        <value>GB</value>
                    </value-definition>
                    <value-definition>
                        <display xml:lang="x-default">United States</display>
                        <value>US</value>
                    </value-definition>
                </value-definitions>
            </attribute-definition>
            <attribute-definition attribute-id="kp_region_countries">
                <display-name xml:lang="x-default">Region</display-name>
                <type>enum-of-string</type>
                <localizable-flag>false</localizable-flag>
                <mandatory-flag>true</mandatory-flag>
                <externally-managed-flag>false</externally-managed-flag>
                <value-definitions>
                    <value-definition>
                        <display xml:lang="x-default">Europe</display>
                        <value>EU</value>
                    </value-definition>
                    <value-definition>
                        <display xml:lang="x-default">North America</display>
                        <value>NA</value>
                    </value-definition>
                    <value-definition>
                        <display xml:lang="x-default">Oceania</display>
                        <value>OA</value>
                    </value-definition>
                </value-definitions>
            </attribute-definition>
        </attribute-definitions>
        <group-definitions>
            <attribute-group group-id="marketSpecificCredentials">
                <display-name xml:lang="x-default">Market Specific Credentials</display-name>
                <attribute attribute-id="kp_activation_key"/>
                <attribute attribute-id="kp_region_countries"/>
                <attribute attribute-id="kp_market_countries"/>
                <attribute attribute-id="kp_client_id_countries"/>
                <attribute attribute-id="KP_API_Username_countries"/>
                <attribute attribute-id="KP_API_Password_countries"/>
            </attribute-group>
            <attribute-group group-id="vcn">
                <display-name xml:lang="x-default">Klarna Payments - Virtual Card Number (VCN)</display-name>
                <attribute attribute-id="kpVCNEnabled_countries"/>
                <attribute attribute-id="kpVCNkeyId_countries"/>
                <attribute attribute-id="kpVCNRetry_countries"/>
            </attribute-group>
        </group-definitions>
    </custom-type>

	<custom-type type-id="KlarnaSigningKey">
        <display-name xml:lang="x-default">Klarna Signing Key</display-name>
        <description xml:lang="x-default">Signing Key to create Klarna Webhook notification.</description>
        <staging-mode>no-staging</staging-mode>
        <storage-scope>site</storage-scope>
        <key-definition attribute-id="signingKeyId">
            <display-name xml:lang="x-default">Signing Key Id</display-name>
            <type>string</type>
            <min-length>0</min-length>
        </key-definition>
        <attribute-definitions>
            <attribute-definition attribute-id="createdDate">
                <display-name xml:lang="x-default">Created Date</display-name>
                <type>string</type>
                <localizable-flag>false</localizable-flag>
                <mandatory-flag>false</mandatory-flag>
                <externally-managed-flag>false</externally-managed-flag>
                <min-length>0</min-length>
            </attribute-definition>
            <attribute-definition attribute-id="signingKey">
                <display-name xml:lang="x-default">Signing Key</display-name>
                <type>string</type>
                <localizable-flag>false</localizable-flag>
                <mandatory-flag>false</mandatory-flag>
                <externally-managed-flag>false</externally-managed-flag>
                <min-length>0</min-length>
            </attribute-definition>
        </attribute-definitions>
        <group-definitions>
            <attribute-group group-id="signingKey">
                <display-name xml:lang="x-default">Signing Key</display-name>
                <attribute attribute-id="signingKeyId"/>
                <attribute attribute-id="signingKey"/>
                <attribute attribute-id="createdDate"/>
            </attribute-group>
        </group-definitions>
    </custom-type>

	<custom-type type-id="KlarnaWebhookNotification">
        <display-name xml:lang="x-default">Klarna Webhook Notification</display-name>
        <description xml:lang="x-default">Webhook notification received</description>
        <staging-mode>no-staging</staging-mode>
        <storage-scope>site</storage-scope>
        <key-definition attribute-id="paymentRequestId">
            <display-name xml:lang="x-default">Payment Request ID</display-name>
            <type>string</type>
            <min-length>0</min-length>
        </key-definition>
        <attribute-definitions>
            <attribute-definition attribute-id="notificationLog">
                <display-name xml:lang="x-default">Notification Log</display-name>
                <type>string</type>
                <localizable-flag>false</localizable-flag>
                <mandatory-flag>false</mandatory-flag>
                <externally-managed-flag>false</externally-managed-flag>
                <min-length>0</min-length>
            </attribute-definition>
            <attribute-definition attribute-id="notificationStatus">
                <display-name xml:lang="x-default">Notification Status</display-name>
                <type>enum-of-string</type>
                <localizable-flag>false</localizable-flag>
                <mandatory-flag>false</mandatory-flag>
                <externally-managed-flag>false</externally-managed-flag>
                <value-definitions>
                    <value-definition>
                        <display xml:lang="x-default">SUCCESS</display>
                        <value>SUCCESS</value>
                    </value-definition>
                    <value-definition>
                        <display xml:lang="x-default">PROCESS</display>
                        <value>PROCESS</value>
                    </value-definition>
                    <value-definition>
                        <display xml:lang="x-default">PROCESSED</display>
                        <value>PROCESSED</value>
                    </value-definition>
                    <value-definition>
                        <display xml:lang="x-default">RETRY</display>
                        <value>RETRY</value>
                    </value-definition>
                </value-definitions>
            </attribute-definition>
        </attribute-definitions>
        <group-definitions>
            <attribute-group group-id="KlarnaWebhookNotification">
                <display-name xml:lang="x-default">Klarna Webhook Notification</display-name>
                <attribute attribute-id="paymentRequestId"/>
                <attribute attribute-id="notificationLog"/>
                <attribute attribute-id="notificationStatus"/>
            </attribute-group>
        </group-definitions>
    </custom-type>

</metadata>
