<?xml version="1.0" encoding="UTF-8"?>
<metadata xmlns="http://www.demandware.com/xml/impex/metadata/2006-10-31">
    <type-extension type-id="SitePreferences">
        <custom-attribute-definitions>
            <attribute-definition attribute-id="kpAutoCapture">
                <display-name xml:lang="x-default">Enable autocapture</display-name>
                <description xml:lang="x-default">When set to "Yes," the system will automatically attempt a full capture of the order. The capture request sent through the standalone Order Management API will include the total order amount as the "captured_amount."</description>
                <type>boolean</type>
                <mandatory-flag>false</mandatory-flag>
                <externally-managed-flag>false</externally-managed-flag>
                <default-value>false</default-value>
            </attribute-definition>
            <attribute-definition attribute-id="merchant_reference2_mapping">
                <display-name xml:lang="x-default">Merchant Reference 2 Mapping</display-name>
                <description xml:lang="x-default">The field from SCC order (basket) object that is mapped to merchant_reference2 field from klarna API request. Has to be one of the class attributes of SCC LineItemCtnr. Note that for complex data structures result may vary</description>
                <type>string</type>
                <mandatory-flag>false</mandatory-flag>
                <externally-managed-flag>false</externally-managed-flag>
                <min-length>0</min-length>
            </attribute-definition>
            <attribute-definition attribute-id="kpColorBorder">
                <display-name xml:lang="x-default">Border Color Preference</display-name>
                <description xml:lang="x-default">CSS (hex value) color set for Border in Klarna Payments iFrame</description>
                <type>string</type>
                <mandatory-flag>false</mandatory-flag>
                <externally-managed-flag>false</externally-managed-flag>
                <min-length>0</min-length>
            </attribute-definition>
            <attribute-definition attribute-id="kpColorBorderSelected">
                <display-name xml:lang="x-default">Border Selected Color Preference</display-name>
                <description xml:lang="x-default">CSS (hex value) color set for selected element Border in Klarna Payments iFrame</description>
                <type>string</type>
                <mandatory-flag>false</mandatory-flag>
                <externally-managed-flag>false</externally-managed-flag>
                <min-length>0</min-length>
            </attribute-definition>
            <attribute-definition attribute-id="kpColorButton">
                <display-name xml:lang="x-default">Button Color Preference</display-name>
                <description xml:lang="x-default">CSS (hex value) color set for Button in Klarna Payments iFrame</description>
                <type>string</type>
                <mandatory-flag>false</mandatory-flag>
                <externally-managed-flag>false</externally-managed-flag>
                <min-length>0</min-length>
            </attribute-definition>
            <attribute-definition attribute-id="kpColorButtonText">
                <display-name xml:lang="x-default">Button Text Color Preference</display-name>
                <description xml:lang="x-default">CSS (hex value) color set for Button text in Klarna Payments iFrame</description>
                <type>string</type>
                <mandatory-flag>false</mandatory-flag>
                <externally-managed-flag>false</externally-managed-flag>
                <min-length>0</min-length>
            </attribute-definition>
            <attribute-definition attribute-id="kpColorCheckbox">
                <display-name xml:lang="x-default">Checkbox Color Preference</display-name>
                <description xml:lang="x-default">CSS (hex value) color set for Checkbox in Klarna Payments iFrame</description>
                <type>string</type>
                <mandatory-flag>false</mandatory-flag>
                <externally-managed-flag>false</externally-managed-flag>
                <min-length>0</min-length>
            </attribute-definition>
            <attribute-definition attribute-id="kpColorCheckboxCheckmark">
                <display-name xml:lang="x-default">Checkbox Checkmark Color Preference</display-name>
                <description xml:lang="x-default">CSS (hex value) color set for checkbox checked(selected) in Klarna Payments iFrame</description>
                <type>string</type>
                <mandatory-flag>false</mandatory-flag>
                <externally-managed-flag>false</externally-managed-flag>
                <min-length>0</min-length>
            </attribute-definition>
            <attribute-definition attribute-id="kpColorDetails">
                <display-name xml:lang="x-default">Details Color Preference</display-name>
                <description xml:lang="x-default">CSS (hex value) color set for details in Klarna Payments iFrame</description>
                <type>string</type>
                <mandatory-flag>false</mandatory-flag>
                <externally-managed-flag>false</externally-managed-flag>
                <min-length>0</min-length>
            </attribute-definition>
            <attribute-definition attribute-id="kpColorHeader">
                <display-name xml:lang="x-default">Header Color Preference</display-name>
                <description xml:lang="x-default">CSS (hex value) color set for Header in Klarna Payments iFrame</description>
                <type>string</type>
                <mandatory-flag>false</mandatory-flag>
                <externally-managed-flag>false</externally-managed-flag>
                <min-length>0</min-length>
            </attribute-definition>
            <attribute-definition attribute-id="kpColorLink">
                <display-name xml:lang="x-default">Link Color Preference</display-name>
                <description xml:lang="x-default">CSS (hex value) color set for link in Klarna Payments iFrame</description>
                <type>string</type>
                <mandatory-flag>false</mandatory-flag>
                <externally-managed-flag>false</externally-managed-flag>
                <min-length>0</min-length>
            </attribute-definition>
            <attribute-definition attribute-id="kpColorText">
                <display-name xml:lang="x-default">Text Color Preference</display-name>
                <description xml:lang="x-default">CSS (hex value) color set for text in Klarna Payments iFrame</description>
                <type>string</type>
                <mandatory-flag>false</mandatory-flag>
                <externally-managed-flag>false</externally-managed-flag>
                <min-length>0</min-length>
            </attribute-definition>
            <attribute-definition attribute-id="kpColorTextSecondary">
                <display-name xml:lang="x-default">Secondary Text Color Preference</display-name>
                <description xml:lang="x-default">CSS (hex value) color set for secondary text in Klarna Payments iFrame</description>
                <type>string</type>
                <mandatory-flag>false</mandatory-flag>
                <externally-managed-flag>false</externally-managed-flag>
                <min-length>0</min-length>
            </attribute-definition>
            <attribute-definition attribute-id="kpRadiusBorder">
                <display-name xml:lang="x-default">Border Radius Preference</display-name>
                <description xml:lang="x-default">Value (in pixels) of the border radius to be used in Klarna Payments iFrame</description>
                <type>string</type>
                <mandatory-flag>false</mandatory-flag>
                <externally-managed-flag>false</externally-managed-flag>
                <min-length>0</min-length>
            </attribute-definition>
            <attribute-definition attribute-id="kpAdditionalLogging">
                <display-name xml:lang="x-default">Klarna Payments Additional Logging</display-name>
                <description xml:lang="x-default">Additional Logging helps to get more order details when issue occurs</description>
                <type>boolean</type>
                <mandatory-flag>false</mandatory-flag>
                <externally-managed-flag>false</externally-managed-flag>
                <default-value>false</default-value>
            </attribute-definition>
            <attribute-definition attribute-id="kpAttachments">
                <display-name xml:lang="x-default">Attachments</display-name>
                <description xml:lang="x-default">Toggle (Yes/No) for the inclusion of attachments when creating an order. Specific to inclusion of EMD (customer_account_info, other_delivery_address) when applicable</description>
                <type>boolean</type>
                <mandatory-flag>false</mandatory-flag>
                <externally-managed-flag>false</externally-managed-flag>
                <default-value>false</default-value>
            </attribute-definition>
            <attribute-definition attribute-id="kpVCNEnabled">
                <display-name xml:lang="x-default">Enable virtual card number (VCN)</display-name>
                <description xml:lang="x-default">When set to "Yes," each Klarna order will automatically generate a Virtual Card Number upon settlement request.</description>
                <type>boolean</type>
                <mandatory-flag>false</mandatory-flag>
                <externally-managed-flag>false</externally-managed-flag>
                <default-value>false</default-value>
            </attribute-definition>
            <attribute-definition attribute-id="kpVCNkeyId">
                <display-name xml:lang="x-default">VCN - Public Key ID</display-name>
                <description xml:lang="x-default">UUIDv4 value corresponding to the key pair. Shared with Klarna respectively for Production &amp; Playground (test) environment.</description>
                <type>string</type>
                <mandatory-flag>false</mandatory-flag>
                <externally-managed-flag>false</externally-managed-flag>
                <min-length>0</min-length>
            </attribute-definition>
            <attribute-definition attribute-id="kpUseAlternativePaymentFlow">
                <display-name xml:lang="x-default">Enable alternative payment flow</display-name>
                <description xml:lang="x-default">Klarna Authorization and Order creation steps will be triggered on Checkout Review page when customer clicks CTA/Place Order Button.</description>
                <type>boolean</type>
                <mandatory-flag>false</mandatory-flag>
                <externally-managed-flag>false</externally-managed-flag>
                <default-value>false</default-value>
            </attribute-definition>
            <attribute-definition attribute-id="kpPromoTaxation">
                <display-name xml:lang="x-default">Promotion Price Taxation</display-name>
                <description xml:lang="x-default">Only use "Based on Adjusted Price" value if you have enabled the corresponding value in “Merchant Tools >  Site Preferences >  Promotions > Discount Taxation” and use gross taxation.</description>
                <type>enum-of-string</type>
                <mandatory-flag>false</mandatory-flag>
                <externally-managed-flag>false</externally-managed-flag>
                <value-definitions>
                    <value-definition default="true">
                        <display xml:lang="x-default">Based on Price</display>
                        <value>price</value>
                    </value-definition>
                    <value-definition>
                        <display xml:lang="x-default">Based on Adjusted Price</display>
                        <value>adjustment</value>
                    </value-definition>
                </value-definitions>
            </attribute-definition>
            <attribute-definition attribute-id="kpVCNRetryEnabled">
                <display-name xml:lang="x-default">VCN Settlement Retry Enabled</display-name>
                <description xml:lang="x-default">If set to “Yes”, SFCC will retry the VCN settlement once again in case of service error. Default is “No”</description>
                <type>boolean</type>
                <mandatory-flag>false</mandatory-flag>
                <externally-managed-flag>false</externally-managed-flag>
                <default-value>false</default-value>
            </attribute-definition>
            <attribute-definition attribute-id="kpOMSEnabled">
                <display-name xml:lang="x-default">Enable OMS</display-name>
                <description xml:lang="x-default">Enable OMS</description>
                <type>boolean</type>
                <mandatory-flag>false</mandatory-flag>
                <externally-managed-flag>false</externally-managed-flag>
                <default-value>false</default-value>
            </attribute-definition>
            <attribute-definition attribute-id="kpAgentUserName">
                <display-name xml:lang="x-default">Agent User Name</display-name>
                <description xml:lang="x-default">Agent user used to login on behalf of customers to create subscriptions orders</description>
                <type>string</type>
                <mandatory-flag>false</mandatory-flag>
                <externally-managed-flag>false</externally-managed-flag>
                <min-length>0</min-length>
            </attribute-definition>
            <attribute-definition attribute-id="kpAgentUserPassword">
                <display-name xml:lang="x-default">Agent User Password</display-name>
                <description xml:lang="x-default">Agent user password used to login on behalf of customers to create subscriptions orders</description>
                <type>password</type>
                <mandatory-flag>false</mandatory-flag>
                <externally-managed-flag>false</externally-managed-flag>
            </attribute-definition>
            <attribute-definition attribute-id="kpEnableRecurringOrderRetry">
                <display-name xml:lang="x-default">Enable Retry for Recurring Orders</display-name>
                <type>boolean</type>
                <mandatory-flag>false</mandatory-flag>
                <externally-managed-flag>false</externally-managed-flag>
                <default-value>false</default-value>
            </attribute-definition>
            <attribute-definition attribute-id="kpRecurringNumberOfRetry">
                <display-name xml:lang="x-default">Number Of Retries</display-name>
                <type>enum-of-int</type>
                <mandatory-flag>false</mandatory-flag>
                <externally-managed-flag>false</externally-managed-flag>
                <value-definitions>
                    <value-definition>
                        <value>1</value>
                    </value-definition>
                    <value-definition>
                        <value>2</value>
                    </value-definition>
                </value-definitions>
            </attribute-definition>
            <attribute-definition attribute-id="kpRecurringRetryFrequency">
                <display-name xml:lang="x-default">Recurring Retry Frequency</display-name>
                <description xml:lang="x-default">Retry Frequency in days</description>
                <type>enum-of-int</type>
                <mandatory-flag>false</mandatory-flag>
                <externally-managed-flag>false</externally-managed-flag>
                <value-definitions>
                    <value-definition>
                        <value>1</value>
                    </value-definition>
                    <value-definition>
                        <value>2</value>
                    </value-definition>
                </value-definitions>
            </attribute-definition>
            <attribute-definition attribute-id="kpCreateOrderToken">
                <display-name xml:lang="x-default">Klarna Create Order Token</display-name>
                <description xml:lang="x-default">Token used to verify the caller for recurring orders</description>
                <type>string</type>
                <mandatory-flag>false</mandatory-flag>
                <externally-managed-flag>false</externally-managed-flag>
                <min-length>0</min-length>
            </attribute-definition>
            <attribute-definition attribute-id="kpECEnabled">
                <display-name xml:lang="x-default">Klarna Express Checkout Enabled (Deprecated)</display-name>
                <type>boolean</type>
                <mandatory-flag>false</mandatory-flag>
                <externally-managed-flag>false</externally-managed-flag>
                <default-value>false</default-value>
            </attribute-definition>
            <attribute-definition attribute-id="kpECButtonTheme">
                <display-name xml:lang="x-default">Klarna Express Checkout Button Theme (Deprecated)</display-name>
                <type>enum-of-string</type>
                <mandatory-flag>false</mandatory-flag>
                <externally-managed-flag>false</externally-managed-flag>
                <value-definitions>
                    <value-definition default="true">
                        <display xml:lang="x-default">Default</display>
                        <value>default</value>
                    </value-definition>
                    <value-definition>
                        <display xml:lang="x-default">Dark</display>
                        <value>dark</value>
                    </value-definition>
                    <value-definition>
                        <display xml:lang="x-default">Light</display>
                        <value>light</value>
                    </value-definition>
                </value-definitions>
            </attribute-definition>
            <attribute-definition attribute-id="kpECButtonShape">
                <display-name xml:lang="x-default">Klarna Express Checkout Button Shape (Deprecated)</display-name>
                <type>enum-of-string</type>
                <mandatory-flag>false</mandatory-flag>
                <externally-managed-flag>false</externally-managed-flag>
                <value-definitions>
                    <value-definition default="true">
                        <display xml:lang="x-default">Default</display>
                        <value>default</value>
                    </value-definition>
                    <value-definition>
                        <display xml:lang="x-default">Rect</display>
                        <value>rect</value>
                    </value-definition>
                    <value-definition>
                        <display xml:lang="x-default">Pill</display>
                        <value>pill</value>
                    </value-definition>
                </value-definitions>
            </attribute-definition>
            <attribute-definition attribute-id="kpECPaymentCategoryContent">
                <display-name xml:lang="x-default">Payment Category Content (Deprecated)</display-name>
                <type>text</type>
                <mandatory-flag>false</mandatory-flag>
                <externally-managed-flag>false</externally-managed-flag>
            </attribute-definition>
            <attribute-definition attribute-id="kpECLibraryURL">
                <display-name xml:lang="x-default">Klarna Express Checkout Library URL (Deprecated)</display-name>
                <type>string</type>
                <mandatory-flag>false</mandatory-flag>
                <externally-managed-flag>false</externally-managed-flag>
                <min-length>0</min-length>
                <default-value>https://x.klarnacdn.net/kp/lib/v1/api.js</default-value>
            </attribute-definition>
            <attribute-definition attribute-id="siwk_enable">
                <display-name xml:lang="x-default">Enable Sign-in with Klarna</display-name>
                <description xml:lang="x-default">Reduce fraud rates through verified identities and consented shopper data, improve personalized shopping experiences.</description>
                <type>boolean</type>
                <mandatory-flag>true</mandatory-flag>
                <externally-managed-flag>false</externally-managed-flag>
                <default-value>true</default-value>
            </attribute-definition>
            <attribute-definition attribute-id="siwk_placement">
                <display-name xml:lang="x-default">Placements</display-name>
                <type>enum-of-string</type>
                <mandatory-flag>false</mandatory-flag>
                <externally-managed-flag>false</externally-managed-flag>
                <select-multiple-flag>true</select-multiple-flag>
                <value-definitions>
                    <value-definition>
                        <display xml:lang="x-default">Login Page</display>
                        <value>loginPage</value>
                    </value-definition>
                    <value-definition>
                        <display xml:lang="x-default">Checkout Page</display>
                        <value>checkoutPage</value>
                    </value-definition>
                </value-definitions>
            </attribute-definition>
            <attribute-definition attribute-id="siwk_redirect_url">
                <display-name xml:lang="x-default">Redirect URL</display-name>
                <type>string</type>
                <mandatory-flag>true</mandatory-flag>
                <externally-managed-flag>false</externally-managed-flag>
                <min-length>0</min-length>
            </attribute-definition>
            <attribute-definition attribute-id="siwk_scope">
                <display-name xml:lang="x-default">Scope</display-name>
                <description xml:lang="x-default">Select the scope for Sign-in with Klarna.</description>
                <type>enum-of-string</type>
                <mandatory-flag>true</mandatory-flag>
                <externally-managed-flag>false</externally-managed-flag>
                <select-multiple-flag>true</select-multiple-flag>
                <value-definitions>
                    <value-definition>
                        <display xml:lang="x-default">profile:name</display>
                        <value>profile:name</value>
                    </value-definition>
                    <value-definition>
                        <display xml:lang="x-default">profile:email</display>
                        <value>profile:email</value>
                    </value-definition>
                    <value-definition>
                        <display xml:lang="x-default">profile:phone</display>
                        <value>profile:phone</value>
                    </value-definition>
                    <value-definition>
                        <display xml:lang="x-default">profile:date_of_birth</display>
                        <value>profile:date_of_birth</value>
                    </value-definition>
                    <value-definition>
                        <display xml:lang="x-default">profile:billing_address</display>
                        <value>profile:billing_address</value>
                    </value-definition>
                    <value-definition>
                        <display xml:lang="x-default">profile:national_id</display>
                        <value>profile:national_id</value>
                    </value-definition>
                    <value-definition>
                        <display xml:lang="x-default">profile:country</display>
                        <value>profile:country</value>
                    </value-definition>
                    <value-definition>
                        <display xml:lang="x-default">profile:locale</display>
                        <value>profile:locale</value>
                    </value-definition>
                </value-definitions>
            </attribute-definition>
            <attribute-definition attribute-id="siwk_shape">
                <display-name xml:lang="x-default">Button shape</display-name>
                <type>enum-of-string</type>
                <mandatory-flag>true</mandatory-flag>
                <externally-managed-flag>false</externally-managed-flag>
                <value-definitions>
                    <value-definition default="true">
                        <display xml:lang="x-default">Rounded corners (Recommended)</display>
                        <value>default</value>
                    </value-definition>
                    <value-definition>
                        <display xml:lang="x-default">Rectangular</display>
                        <value>rect</value>
                    </value-definition>
                    <value-definition>
                        <display xml:lang="x-default">Pill</display>
                        <value>pill</value>
                    </value-definition>
                </value-definitions>
            </attribute-definition>
            <attribute-definition attribute-id="siwk_theme">
                <display-name xml:lang="x-default">Button theme</display-name>
                <description xml:lang="x-default">Tailor Sign-in with Klarna theme to fit your brand and shop.</description>
                <type>enum-of-string</type>
                <mandatory-flag>true</mandatory-flag>
                <externally-managed-flag>false</externally-managed-flag>
                <value-definitions>
                    <value-definition>
                        <display xml:lang="x-default">Dark</display>
                        <value>default</value>
                    </value-definition>
                    <value-definition default="true">
                        <display xml:lang="x-default">Light(Recommended)</display>
                        <value>light</value>
                    </value-definition>
                    <value-definition>
                        <display xml:lang="x-default">Outlined</display>
                        <value>outlined</value>
                    </value-definition>
                </value-definitions>
            </attribute-definition>
            <attribute-definition attribute-id="siwk_alignment">
                <display-name xml:lang="x-default">Logo alignment</display-name>
                <type>enum-of-string</type>
                <mandatory-flag>true</mandatory-flag>
                <externally-managed-flag>false</externally-managed-flag>
                <value-definitions>
                    <value-definition default="true">
                        <display xml:lang="x-default">Badge (Recommended)</display>
                        <value>default</value>
                    </value-definition>
                    <value-definition>
                        <display xml:lang="x-default">Left</display>
                        <value>left</value>
                    </value-definition>
                    <value-definition>
                        <display xml:lang="x-default">Center</display>
                        <value>center</value>
                    </value-definition>
                </value-definitions>
            </attribute-definition>
            <attribute-definition attribute-id="kec_enable">
                <display-name xml:lang="x-default">Enable Klarna Express checkout</display-name>
                <description xml:lang="x-default">Offer a 6x faster check-out process that will lower the threshold for shoppers to complete a purchase.</description>
                <type>boolean</type>
                <mandatory-flag>true</mandatory-flag>
                <externally-managed-flag>false</externally-managed-flag>
                <default-value>true</default-value>
            </attribute-definition>
            <attribute-definition attribute-id="kec_shape">
                <display-name xml:lang="x-default">Button Shape</display-name>
                <type>enum-of-string</type>
                <mandatory-flag>true</mandatory-flag>
                <externally-managed-flag>false</externally-managed-flag>
                <value-definitions>
                    <value-definition default="true">
                        <display xml:lang="x-default">Rounded corners (Recommended)</display>
                        <value>default</value>
                    </value-definition>
                    <value-definition>
                        <display xml:lang="x-default">Rectangular</display>
                        <value>rect</value>
                    </value-definition>
                    <value-definition>
                        <display xml:lang="x-default">Pill</display>
                        <value>pill</value>
                    </value-definition>
                </value-definitions>
            </attribute-definition>
            <attribute-definition attribute-id="kec_theme">
                <display-name xml:lang="x-default">Button theme</display-name>
                <description xml:lang="x-default">Tailor the Express checkout button to fit your brand by adjusting the button theme.</description>
                <type>enum-of-string</type>
                <mandatory-flag>true</mandatory-flag>
                <externally-managed-flag>false</externally-managed-flag>
                <value-definitions>
                    <value-definition default="true">
                        <display xml:lang="x-default">Light (Recommended)</display>
                        <value>light</value>
                    </value-definition>
                    <value-definition>
                        <display xml:lang="x-default">Dark</display>
                        <value>dark</value>
                    </value-definition>
                    <value-definition>
                        <display xml:lang="x-default">Outlined</display>
                        <value>outlined</value>
                    </value-definition>
                </value-definitions>
            </attribute-definition>
            <attribute-definition attribute-id="kec_placement">
                <display-name xml:lang="x-default">Placements</display-name>
                <type>enum-of-string</type>
                <mandatory-flag>true</mandatory-flag>
                <externally-managed-flag>false</externally-managed-flag>
                <select-multiple-flag>true</select-multiple-flag>
                <value-definitions>
                    <value-definition>
                        <display xml:lang="x-default">Cart</display>
                        <value>cart</value>
                    </value-definition>
                    <value-definition>
                        <display xml:lang="x-default">PDP</display>
                        <value>pdp</value>
                    </value-definition>
                    <value-definition>
                        <display xml:lang="x-default">Mini cart</display>
                        <value>minicart</value>
                    </value-definition>
                </value-definitions>
            </attribute-definition>
            <attribute-definition attribute-id="osm_custom_styling">
                <display-name xml:lang="x-default">Custom Styling</display-name>
                <type>text</type>
                <mandatory-flag>false</mandatory-flag>
                <externally-managed-flag>false</externally-managed-flag>
            </attribute-definition>
            <attribute-definition attribute-id="osm_enable">
                <display-name xml:lang="x-default">Enable On-Site Messaging</display-name>
                <description xml:lang="x-default">Add personalized messaging throughout the shopper journey for higher conversion rates and increased spend.</description>
                <type>boolean</type>
                <mandatory-flag>true</mandatory-flag>
                <externally-managed-flag>false</externally-managed-flag>
                <default-value>true</default-value>
            </attribute-definition>
            <attribute-definition attribute-id="osm_placement">
                <display-name xml:lang="x-default">Placements</display-name>
                <type>enum-of-string</type>
                <mandatory-flag>true</mandatory-flag>
                <externally-managed-flag>false</externally-managed-flag>
                <select-multiple-flag>true</select-multiple-flag>
                <value-definitions>
                    <value-definition>
                        <display xml:lang="x-default">Product Page</display>
                        <value>productPage</value>
                    </value-definition>
                    <value-definition>
                        <display xml:lang="x-default">Cart Page</display>
                        <value>cartPage</value>
                    </value-definition>
                    <value-definition>
                        <display xml:lang="x-default">Site Wide Banners</display>
                        <value>siteBanners</value>
                    </value-definition>
                    <value-definition>
                        <display xml:lang="x-default">FAQ</display>
                        <value>faq</value>
                    </value-definition>
                    <value-definition>
                        <display xml:lang="x-default">Footer</display>
                        <value>footer</value>
                    </value-definition>
                </value-definitions>
            </attribute-definition>
            <attribute-definition attribute-id="osm_theme">
                <display-name xml:lang="x-default">Theme</display-name>
                <type>enum-of-string</type>
                <mandatory-flag>true</mandatory-flag>
                <externally-managed-flag>false</externally-managed-flag>
                <value-definitions>
                    <value-definition default="true">
                        <display xml:lang="x-default">Light (recommended)</display>
                        <value>default</value>
                    </value-definition>
                    <value-definition>
                        <display xml:lang="x-default">Dark</display>
                        <value>dark</value>
                    </value-definition>
                    <value-definition>
                        <display xml:lang="x-default">Custom</display>
                        <value>custom</value>
                    </value-definition>
                </value-definitions>
            </attribute-definition>
            <attribute-definition attribute-id="KP_client_id">
                <display-name xml:lang="x-default">Client ID</display-name>
                <description xml:lang="x-default">To unlock the plugin’s features, enter your credentials. Get the client identifier and API credentials from the Klarna Merchant Portal, under Settings.</description>
                <type>string</type>
                <mandatory-flag>false</mandatory-flag>
                <externally-managed-flag>false</externally-managed-flag>
                <min-length>0</min-length>
            </attribute-definition>
            <attribute-definition attribute-id="KP_API_Username">
                <display-name xml:lang="x-default">API Username</display-name>
                <type>string</type>
                <mandatory-flag>false</mandatory-flag>
                <externally-managed-flag>false</externally-managed-flag>
                <min-length>0</min-length>
            </attribute-definition>
            <attribute-definition attribute-id="KP_API_Password">
                <display-name xml:lang="x-default">API Password</display-name>
                <type>password</type>
                <mandatory-flag>false</mandatory-flag>
                <externally-managed-flag>false</externally-managed-flag>
            </attribute-definition>
            <attribute-definition attribute-id="KP_Region">
                <display-name xml:lang="x-default">Region</display-name>
                <description xml:lang="x-default">Select the region where your store operates.</description>
                <type>enum-of-string</type>
                <mandatory-flag>false</mandatory-flag>
                <externally-managed-flag>false</externally-managed-flag>
                <value-definitions>
                    <value-definition>
                        <display xml:lang="x-default">Europe</display>
                        <value>EU</value>
                    </value-definition>
                    <value-definition>
                        <display xml:lang="x-default">North America</display>
                        <value>NA</value>
                    </value-definition>
                    <value-definition>
                        <display xml:lang="x-default">Oceania</display>
                        <value>OA</value>
                    </value-definition>
                </value-definitions>
            </attribute-definition>
            <attribute-definition attribute-id="KP_Market">
                <display-name xml:lang="x-default">Market</display-name>
                <description xml:lang="x-default">Select the market(s) where your store operates.</description>
                <type>enum-of-string</type>
                <mandatory-flag>false</mandatory-flag>
                <externally-managed-flag>false</externally-managed-flag>
                <select-multiple-flag>true</select-multiple-flag>
                <value-definitions>
                    <value-definition>
                        <display xml:lang="x-default">Australia</display>
                        <value>AU</value>
                    </value-definition>
                    <value-definition>
                        <display xml:lang="x-default">Austria</display>
                        <value>AT</value>
                    </value-definition>
                    <value-definition>
                        <display xml:lang="x-default">Belgium</display>
                        <value>BE</value>
                    </value-definition>
                    <value-definition>
                        <display xml:lang="x-default">Canada</display>
                        <value>CA</value>
                    </value-definition>
                    <value-definition>
                        <display xml:lang="x-default">Czech Republic</display>
                        <value>CZ</value>
                    </value-definition>
                    <value-definition>
                        <display xml:lang="x-default">Denmark</display>
                        <value>DK</value>
                    </value-definition>
                    <value-definition>
                        <display xml:lang="x-default">Finland</display>
                        <value>FI</value>
                    </value-definition>
                    <value-definition>
                        <display xml:lang="x-default">France</display>
                        <value>FR</value>
                    </value-definition>
                    <value-definition>
                        <display xml:lang="x-default">Germany</display>
                        <value>DE</value>
                    </value-definition>
                    <value-definition>
                        <display xml:lang="x-default">Greece</display>
                        <value>GR</value>
                    </value-definition>
                    <value-definition>
                        <display xml:lang="x-default">Hungary</display>
                        <value>HU</value>
                    </value-definition>
                    <value-definition>
                        <display xml:lang="x-default">Ireland (Republic of Ireland)</display>
                        <value>IE</value>
                    </value-definition>
                    <value-definition>
                        <display xml:lang="x-default">Italy</display>
                        <value>IT</value>
                    </value-definition>
                    <value-definition>
                        <display xml:lang="x-default">Mexico</display>
                        <value>MX</value>
                    </value-definition>
                    <value-definition>
                        <display xml:lang="x-default">Netherlands</display>
                        <value>NL</value>
                    </value-definition>
                    <value-definition>
                        <display xml:lang="x-default">New Zealand</display>
                        <value>NZ</value>
                    </value-definition>
                    <value-definition>
                        <display xml:lang="x-default">Norway</display>
                        <value>NO</value>
                    </value-definition>
                    <value-definition>
                        <display xml:lang="x-default">Poland</display>
                        <value>PL</value>
                    </value-definition>
                    <value-definition>
                        <display xml:lang="x-default">Portugal</display>
                        <value>PT</value>
                    </value-definition>
                    <value-definition>
                        <display xml:lang="x-default">Romania</display>
                        <value>RO</value>
                    </value-definition>
                    <value-definition>
                        <display xml:lang="x-default">Slovakia</display>
                        <value>SK</value>
                    </value-definition>
                    <value-definition>
                        <display xml:lang="x-default">Spain</display>
                        <value>ES</value>
                    </value-definition>
                    <value-definition>
                        <display xml:lang="x-default">Sweden</display>
                        <value>SE</value>
                    </value-definition>
                    <value-definition>
                        <display xml:lang="x-default">Switzerland</display>
                        <value>CH</value>
                    </value-definition>
                    <value-definition>
                        <display xml:lang="x-default">United Kingdom</display>
                        <value>GB</value>
                    </value-definition>
                    <value-definition>
                        <display xml:lang="x-default">United States</display>
                        <value>US</value>
                    </value-definition>
                </value-definitions>
            </attribute-definition>
            <attribute-definition attribute-id="KP_environment">
                <display-name xml:lang="x-default">Run plugin in TEST mode</display-name>
                <type>boolean</type>
                <mandatory-flag>true</mandatory-flag>
                <externally-managed-flag>false</externally-managed-flag>
                <default-value>false</default-value>
            </attribute-definition>
            <attribute-definition attribute-id="KP_shareShoppingData">
                <display-name xml:lang="x-default">Share shopping data with Klarna</display-name>
                <description xml:lang="x-default">This option is applicable exclusively in PSP-based Klarna integrations.</description>
                <type>boolean</type>
                <mandatory-flag>false</mandatory-flag>
                <externally-managed-flag>false</externally-managed-flag>
                <default-value>true</default-value>
            </attribute-definition>
			<attribute-definition attribute-id="kp_enable">
                <display-name xml:lang="x-default">Enable Klarna Payments</display-name>
                <description xml:lang="x-default">Give your customers the ability to pay in flexible ways such as Buy now, Pay Later, Invoicing, Instalments and Financing.&#13;
&#13;
Klarna payments is required to enable the additional solutions.</description>
                <type>boolean</type>
                <mandatory-flag>true</mandatory-flag>
                <externally-managed-flag>false</externally-managed-flag>
                <default-value>true</default-value>
            </attribute-definition>
            <attribute-definition attribute-id="kpColorCustomization">
                <display-name xml:lang="x-default">Color customization</display-name>
                <type>text</type>
                <mandatory-flag>false</mandatory-flag>
                <externally-managed-flag>false</externally-managed-flag>
            </attribute-definition>
            <attribute-definition attribute-id="kpEMD">
                <display-name xml:lang="x-default">Enable extra merchant data</display-name>
                <description xml:lang="x-default">Enable this option to include customer_account_info and other_delivery_address as attachments when creating an order.</description>
                <type>boolean</type>
                <mandatory-flag>false</mandatory-flag>
                <externally-managed-flag>false</externally-managed-flag>
                <default-value>false</default-value>
            </attribute-definition>
            <attribute-definition attribute-id="kpVCNRetry">
                <display-name xml:lang="x-default">VCN - Enable settlement retry</display-name>
                <description xml:lang="x-default">When set to “Yes”, SFCC will automatically retry the VCN settlement in the event of a service error.</description>
                <type>boolean</type>
                <mandatory-flag>false</mandatory-flag>
                <externally-managed-flag>false</externally-managed-flag>
                <default-value>false</default-value>
            </attribute-definition>
            <attribute-definition attribute-id="kpLogExtraData">
                <display-name xml:lang="x-default">Log Extra debug data</display-name>
                <type>boolean</type>
                <mandatory-flag>false</mandatory-flag>
                <externally-managed-flag>false</externally-managed-flag>
                <default-value>true</default-value>
            </attribute-definition>
            <attribute-definition attribute-id="merchant_reference2">
                <display-name xml:lang="x-default">Merchant reference 2</display-name>
                <description xml:lang="x-default">Enter the attribute from the SCC order (basket) object that you would like to forward as an additional merchant reference to Klarna. This attribute must be a class attribute of the SCC LineItemCtnr.</description>
                <type>string</type>
                <mandatory-flag>false</mandatory-flag>
                <externally-managed-flag>false</externally-managed-flag>
                <min-length>0</min-length>
            </attribute-definition>
            <attribute-definition attribute-id="kpSubsUsername">
                <display-name xml:lang="x-default">Agent username for subscriptions</display-name>
                <description xml:lang="x-default">Agent username used to login on behalf of customers to create subscription orders</description>
                <type>string</type>
                <mandatory-flag>false</mandatory-flag>
                <externally-managed-flag>false</externally-managed-flag>
                <min-length>0</min-length>
            </attribute-definition>
            <attribute-definition attribute-id="kpSubsPassword">
                <display-name xml:lang="x-default">Agent password for subscriptions</display-name>
                <description xml:lang="x-default">Agent password to login on behalf of customers to create subscription orders</description>
                <type>password</type>
                <mandatory-flag>false</mandatory-flag>
                <externally-managed-flag>false</externally-managed-flag>
            </attribute-definition>
            <attribute-definition attribute-id="kpSubsRetryEnable">
                <display-name xml:lang="x-default">Enable retry for subscriptions</display-name>
                <type>boolean</type>
                <mandatory-flag>false</mandatory-flag>
                <externally-managed-flag>false</externally-managed-flag>
                <default-value>false</default-value>
            </attribute-definition>
            <attribute-definition attribute-id="kpSubsRetryFrequency">
                <display-name xml:lang="x-default">Recurring retry frequency</display-name>
                <type>double</type>
                <mandatory-flag>false</mandatory-flag>
                <externally-managed-flag>false</externally-managed-flag>
            </attribute-definition>
            <attribute-definition attribute-id="kpSubsRetryNumber">
                <display-name xml:lang="x-default">Number of retries</display-name>
                <type>double</type>
                <mandatory-flag>false</mandatory-flag>
                <externally-managed-flag>false</externally-managed-flag>
            </attribute-definition>
			<attribute-definition attribute-id="kpIntegrationViaPSP">
                <display-name xml:lang="x-default">Is Klarna integrated via a Payment Service Provider (PSP)</display-name>
                <type>boolean</type>
                <mandatory-flag>false</mandatory-flag>
                <externally-managed-flag>false</externally-managed-flag>
                <default-value>false</default-value>
            </attribute-definition>
        </custom-attribute-definitions>
        <group-definitions>
            <attribute-group group-id="Klarna_Activation">
                <display-name xml:lang="x-default">Klarna Activation</display-name>
                <attribute attribute-id="KP_client_id"/>
                <attribute attribute-id="KP_API_Username"/>
                <attribute attribute-id="KP_API_Password"/>
                <attribute attribute-id="KP_Region"/>
                <attribute attribute-id="KP_Market"/>
                <attribute attribute-id="KP_environment"/>
                <attribute attribute-id="kpIntegrationViaPSP"/>
				<attribute attribute-id="KP_shareShoppingData"/>
            </attribute-group>
            <attribute-group group-id="Klarna_KP">
                <display-name xml:lang="x-default">Klarna Payments</display-name>
                <attribute attribute-id="kp_enable"/>
                <attribute attribute-id="kpAutoCapture"/>
                <attribute attribute-id="kpUseAlternativePaymentFlow"/>
                <attribute attribute-id="kpEMD"/>
                <attribute attribute-id="merchant_reference2"/>
                <attribute attribute-id="kpLogExtraData"/>
                <attribute attribute-id="kpColorCustomization"/>
                <attribute attribute-id="kpVCNEnabled"/>
                <attribute attribute-id="kpVCNkeyId"/>
                <attribute attribute-id="kpVCNRetry"/>
                <attribute attribute-id="kpSubsUsername"/>
                <attribute attribute-id="kpSubsPassword"/>
                <attribute attribute-id="kpSubsRetryEnable"/>
                <attribute attribute-id="kpSubsRetryNumber"/>
                <attribute attribute-id="kpSubsRetryFrequency"/>
                <attribute attribute-id="kpPromoTaxation"/>
            </attribute-group>
            <attribute-group group-id="Klarna_Payments">
                <display-name xml:lang="x-default">Klarna Payments (Deprecated)</display-name>
                <attribute attribute-id="kpAutoCapture"/>
                <attribute attribute-id="merchant_reference2_mapping"/>
                <attribute attribute-id="kpColorDetails"/>
                <attribute attribute-id="kpColorButton"/>
                <attribute attribute-id="kpColorButtonText"/>
                <attribute attribute-id="kpColorCheckbox"/>
                <attribute attribute-id="kpColorCheckboxCheckmark"/>
                <attribute attribute-id="kpColorHeader"/>
                <attribute attribute-id="kpColorLink"/>
                <attribute attribute-id="kpColorBorder"/>
                <attribute attribute-id="kpColorBorderSelected"/>
                <attribute attribute-id="kpColorText"/>
                <attribute attribute-id="kpColorTextSecondary"/>
                <attribute attribute-id="kpRadiusBorder"/>
                <attribute attribute-id="kpAttachments"/>
                <attribute attribute-id="kpVCNEnabled"/>
                <attribute attribute-id="kpVCNkeyId"/>
                <attribute attribute-id="kpVCNRetryEnabled"/>
                <attribute attribute-id="kpPromoTaxation"/>
                <attribute attribute-id="kpUseAlternativePaymentFlow"/>
                <attribute attribute-id="kpAdditionalLogging"/>
            </attribute-group>
            <attribute-group group-id="Klarna_RecurringPayments">
                <display-name xml:lang="x-default">Klarna Recurring Payments (Deprecated)</display-name>
                <attribute attribute-id="kpAgentUserName"/>
                <attribute attribute-id="kpAgentUserPassword"/>
                <attribute attribute-id="kpEnableRecurringOrderRetry"/>
                <attribute attribute-id="kpRecurringNumberOfRetry"/>
                <attribute attribute-id="kpRecurringRetryFrequency"/>
            </attribute-group>
            <attribute-group group-id="Klarna_ExpressCheckout">
                <display-name xml:lang="x-default">Klarna Express Checkout (Deprecated)</display-name>
                <attribute attribute-id="kpECEnabled"/>
                <attribute attribute-id="kpECButtonTheme"/>
                <attribute attribute-id="kpECButtonShape"/>
                <attribute attribute-id="kec_placement"/>
            </attribute-group>
            <attribute-group group-id="Klarna_swik">
                <display-name xml:lang="x-default">Klarna Sign-in With Klarna</display-name>
                <attribute attribute-id="siwk_enable"/>
                <attribute attribute-id="siwk_scope"/>
                <attribute attribute-id="siwk_redirect_url"/>
                <attribute attribute-id="siwk_theme"/>
                <attribute attribute-id="siwk_shape"/>
                <attribute attribute-id="siwk_alignment"/>
                <attribute attribute-id="siwk_placement"/>
            </attribute-group>
            <attribute-group group-id="Klarna_KEC">
                <display-name xml:lang="x-default">Klarna Express Checkout</display-name>
                <attribute attribute-id="kec_enable"/>
                <attribute attribute-id="kec_theme"/>
                <attribute attribute-id="kec_shape"/>
                <attribute attribute-id="kec_placement"/>
            </attribute-group>
            <attribute-group group-id="Klarna_OSM">
                <display-name xml:lang="x-default">Klarna On-site messaging</display-name>
                <attribute attribute-id="osm_enable"/>
                <attribute attribute-id="osm_theme"/>
                <attribute attribute-id="osm_placement"/>
                <attribute attribute-id="osm_custom_styling"/>
            </attribute-group>
        </group-definitions>
    </type-extension>

    <type-extension type-id="Basket">
        <custom-attribute-definitions>
            <attribute-definition attribute-id="kpClientToken">
                <display-name xml:lang="x-default">Klarna Client Token</display-name>
                <type>text</type>
                <mandatory-flag>false</mandatory-flag>
                <externally-managed-flag>false</externally-managed-flag>
            </attribute-definition>
            <attribute-definition attribute-id="kpSessionId">
                <display-name xml:lang="x-default">Klarna Session ID</display-name>
                <type>string</type>
                <mandatory-flag>false</mandatory-flag>
                <externally-managed-flag>false</externally-managed-flag>
                <min-length>0</min-length>
            </attribute-definition>
            <attribute-definition attribute-id="kpSubscriptionFrequency">
                <display-name xml:lang="x-default">Klarna Subscription Frequency</display-name>
                <type>enum-of-int</type>
                <mandatory-flag>false</mandatory-flag>
                <externally-managed-flag>false</externally-managed-flag>
                <value-definitions>
                    <value-definition>
                        <value>1</value>
                    </value-definition>
                    <value-definition>
                        <value>2</value>
                    </value-definition>
                    <value-definition>
                        <value>3</value>
                    </value-definition>
                    <value-definition>
                        <value>4</value>
                    </value-definition>
                    <value-definition>
                        <value>5</value>
                    </value-definition>
                    <value-definition>
                        <value>6</value>
                    </value-definition>
                    <value-definition>
                        <value>15</value>
                    </value-definition>
                </value-definitions>
            </attribute-definition>
            <attribute-definition attribute-id="kpSubscriptionPeriod">
                <display-name xml:lang="x-default">Klarna Subscription Period</display-name>
                <type>enum-of-string</type>
                <mandatory-flag>false</mandatory-flag>
                <externally-managed-flag>false</externally-managed-flag>
                <value-definitions>
                    <value-definition>
                        <display xml:lang="x-default">Day</display>
                        <value>day</value>
                    </value-definition>
                    <value-definition>
                        <display xml:lang="x-default">Week</display>
                        <value>week</value>
                    </value-definition>
                    <value-definition>
                        <display xml:lang="x-default">Month</display>
                        <value>month</value>
                    </value-definition>
                    <value-definition>
                        <display xml:lang="x-default">Year</display>
                        <value>year</value>
                    </value-definition>
                </value-definitions>
            </attribute-definition>
            <attribute-definition attribute-id="kpIsExpressCheckout">
                <display-name xml:lang="x-default">Klarna Is Express Checkout</display-name>
                <type>boolean</type>
                <mandatory-flag>false</mandatory-flag>
                <externally-managed-flag>false</externally-managed-flag>
            </attribute-definition>
        </custom-attribute-definitions>
    </type-extension>

    <type-extension type-id="Order">
        <custom-attribute-definitions>
            <attribute-definition attribute-id="klarna_oms__kpOrderID">
                <display-name xml:lang="x-default">Klarna Payments Order ID</display-name>
                <description xml:lang="x-default">The Klarna payments Order ID for Klarna payment method selected by customer</description>
                <type>string</type>
                <mandatory-flag>false</mandatory-flag>
                <externally-managed-flag>false</externally-managed-flag>
                <min-length>0</min-length>
            </attribute-definition>
            <attribute-definition attribute-id="kpIsVCN">
                <display-name xml:lang="x-default">Is VCN Used</display-name>
                <description xml:lang="x-default">True if virtual card is enabled &amp; used for payment of the order, otherwise false</description>
                <type>boolean</type>
                <mandatory-flag>false</mandatory-flag>
                <externally-managed-flag>false</externally-managed-flag>
            </attribute-definition>
            <attribute-definition attribute-id="kpVCNBrand">
                <display-name xml:lang="x-default">VCN Brand</display-name>
                <description xml:lang="x-default">Klarna Payments virtual card scheme name</description>
                <type>string</type>
                <mandatory-flag>false</mandatory-flag>
                <externally-managed-flag>false</externally-managed-flag>
                <min-length>0</min-length>
            </attribute-definition>
            <attribute-definition attribute-id="kpVCNHolder">
                <display-name xml:lang="x-default">VCN Holder</display-name>
                <description xml:lang="x-default">Klarna Payments virtual card holder name</description>
                <type>string</type>
                <mandatory-flag>false</mandatory-flag>
                <externally-managed-flag>false</externally-managed-flag>
                <min-length>0</min-length>
            </attribute-definition>
            <attribute-definition attribute-id="kpVCNAESKey">
                <display-name xml:lang="x-default">VCN AES Key</display-name>
                <description xml:lang="x-default">Klarna Payments Virtual Card AES Key</description>
                <type>text</type>
                <mandatory-flag>false</mandatory-flag>
                <externally-managed-flag>false</externally-managed-flag>
            </attribute-definition>
            <attribute-definition attribute-id="kpVCNCardID">
                <display-name xml:lang="x-default">VCN Card ID</display-name>
                <description xml:lang="x-default">Klarna Payments Virtual Card - Card ID</description>
                <type>string</type>
                <mandatory-flag>false</mandatory-flag>
                <externally-managed-flag>false</externally-managed-flag>
                <min-length>0</min-length>
            </attribute-definition>
            <attribute-definition attribute-id="kpVCNIV">
                <display-name xml:lang="x-default">VCN Initialization Vector</display-name>
                <description xml:lang="x-default">Klarna Payments Virtual Card Initialization Vector</description>
                <type>string</type>
                <mandatory-flag>false</mandatory-flag>
                <externally-managed-flag>false</externally-managed-flag>
                <min-length>0</min-length>
            </attribute-definition>
            <attribute-definition attribute-id="kpVCNPCIData">
                <display-name xml:lang="x-default">VCN PCI Data</display-name>
                <description xml:lang="x-default">Klarna Payments Virtual Card PCI Data in encrypted format</description>
                <type>string</type>
                <mandatory-flag>false</mandatory-flag>
                <externally-managed-flag>false</externally-managed-flag>
                <min-length>0</min-length>
            </attribute-definition>
            <attribute-definition attribute-id="kpClientToken">
                <display-name xml:lang="x-default">Klarna Client Token</display-name>
                <type>text</type>
                <mandatory-flag>false</mandatory-flag>
                <externally-managed-flag>false</externally-managed-flag>
            </attribute-definition>
            <attribute-definition attribute-id="kpSessionId">
                <display-name xml:lang="x-default">Klarna Session ID</display-name>
                <type>string</type>
                <mandatory-flag>false</mandatory-flag>
                <externally-managed-flag>false</externally-managed-flag>
                <min-length>0</min-length>
            </attribute-definition>
            <attribute-definition attribute-id="kpAuthorizationToken">
                <display-name xml:lang="x-default">Klarna Authorization Token</display-name>
                <type>string</type>
                <mandatory-flag>false</mandatory-flag>
                <externally-managed-flag>false</externally-managed-flag>
                <min-length>0</min-length>
            </attribute-definition>
            <attribute-definition attribute-id="kpRedirectURL">
                <display-name xml:lang="x-default">Klarna Redirect URL</display-name>
                <type>string</type>
                <mandatory-flag>false</mandatory-flag>
                <externally-managed-flag>false</externally-managed-flag>
                <min-length>0</min-length>
            </attribute-definition>
            <attribute-definition attribute-id="kpSubscriptionFrequency">
                <display-name xml:lang="x-default">Klarna Subscription Frequency</display-name>
                <type>int</type>
                <mandatory-flag>false</mandatory-flag>
                <externally-managed-flag>true</externally-managed-flag>
            </attribute-definition>
            <attribute-definition attribute-id="kpSubscriptionPeriod">
                <display-name xml:lang="x-default">Klarna Subscription Period</display-name>
                <type>string</type>
                <mandatory-flag>false</mandatory-flag>
                <externally-managed-flag>true</externally-managed-flag>
                <min-length>0</min-length>
            </attribute-definition>
            <attribute-definition attribute-id="kpCustomerToken">
                <display-name xml:lang="x-default">Klarna Customer Token</display-name>
                <type>string</type>
                <mandatory-flag>false</mandatory-flag>
                <externally-managed-flag>false</externally-managed-flag>
                <min-length>0</min-length>
            </attribute-definition>
        </custom-attribute-definitions>
        <group-definitions>
            <attribute-group group-id="Klarna_Payments">
                <attribute attribute-id="klarna_oms__kpOrderID"/>
                <attribute attribute-id="kpSessionId"/>
                <attribute attribute-id="kpIsVCN"/>
                <attribute attribute-id="kpVCNCardID"/>
                <attribute attribute-id="kpSubscriptionFrequency"/>
                <attribute attribute-id="kpSubscriptionPeriod"/>
            </attribute-group>
        </group-definitions>
    </type-extension>

    <type-extension type-id="OrderPaymentInstrument">
        <custom-attribute-definitions>
            <attribute-definition attribute-id="klarnaPaymentCategoryID">
                <display-name xml:lang="x-default">Klarna Payment Category ID</display-name>
                <description xml:lang="x-default">ID of Klarna payment category</description>
                <type>string</type>
                <mandatory-flag>false</mandatory-flag>
                <externally-managed-flag>false</externally-managed-flag>
                <min-length>0</min-length>
            </attribute-definition>
            <attribute-definition attribute-id="klarnaPaymentCategoryName">
                <display-name xml:lang="x-default">Klarna Payment Category Name</display-name>
                <description xml:lang="x-default">Name of Klarna payment category</description>
                <type>string</type>
                <mandatory-flag>false</mandatory-flag>
                <externally-managed-flag>false</externally-managed-flag>
                <min-length>0</min-length>
            </attribute-definition>
        </custom-attribute-definitions>
        <group-definitions>
            <attribute-group group-id="Klarna_Payments">
                <attribute attribute-id="klarnaPaymentCategoryID"/>
                <attribute attribute-id="klarnaPaymentCategoryName"/>
            </attribute-group>
        </group-definitions>
    </type-extension>

    <type-extension type-id="PaymentTransaction">
        <custom-attribute-definitions>
            <attribute-definition attribute-id="kpFraudStatus">
                <display-name xml:lang="x-default">Fraud Status</display-name>
                <description xml:lang="x-default">Klarna Payments order fraud status</description>
                <type>string</type>
                <mandatory-flag>false</mandatory-flag>
                <externally-managed-flag>false</externally-managed-flag>
                <min-length>0</min-length>
            </attribute-definition>
        </custom-attribute-definitions>
        <group-definitions>
            <attribute-group group-id="Custom">
                <display-name xml:lang="x-default">Custom</display-name>
                <attribute attribute-id="kpFraudStatus"/>
            </attribute-group>
        </group-definitions>
    </type-extension>

    <type-extension type-id="ProductLineItem">
        <custom-attribute-definitions>
            <attribute-definition attribute-id="klarna_oms__lineItemJSON">
                <display-name xml:lang="x-default">klarna_oms__lineItemJSON</display-name>
                <description xml:lang="x-default">Enriched data for product line item.</description>
                <type>string</type>
                <mandatory-flag>false</mandatory-flag>
                <externally-managed-flag>true</externally-managed-flag>
                <min-length>0</min-length>
            </attribute-definition>
			<attribute-definition attribute-id="kpSubscription">
                <display-name xml:lang="x-default">Klarna Subscription</display-name>
                <type>boolean</type>
                <mandatory-flag>false</mandatory-flag>
                <externally-managed-flag>true</externally-managed-flag>
            </attribute-definition>
        </custom-attribute-definitions>
        <group-definitions>
            <attribute-group group-id="custom">
                <display-name xml:lang="x-default">Custom</display-name>
                <attribute attribute-id="klarna_oms__lineItemJSON"/>
                <attribute attribute-id="kpSubscription"/>
            </attribute-group>
        </group-definitions>
    </type-extension>
    
    <type-extension type-id="Shipment">
        <custom-attribute-definitions>
            <attribute-definition attribute-id="klarna_oms__lineItemJSON">
                <display-name xml:lang="x-default">klarna_oms__lineItemJSON</display-name>
                <description xml:lang="x-default">Enriched data for shipment.</description>
                <type>string</type>
                <mandatory-flag>false</mandatory-flag>
                <externally-managed-flag>true</externally-managed-flag>
                <min-length>0</min-length>
            </attribute-definition>
        </custom-attribute-definitions>
        <group-definitions>
            <attribute-group group-id="custom">
                <display-name xml:lang="x-default">Custom</display-name>
                <attribute attribute-id="klarna_oms__lineItemJSON"/>
            </attribute-group>
        </group-definitions>
    </type-extension>

    <type-extension type-id="Product">
        <custom-attribute-definitions>
            <attribute-definition attribute-id="kpIsStandardProduct">
                <display-name xml:lang="x-default">Is Klarna Standard Product</display-name>
                <type>boolean</type>
                <site-specific-flag>false</site-specific-flag>
                <mandatory-flag>false</mandatory-flag>
                <visible-flag>false</visible-flag>
                <externally-managed-flag>false</externally-managed-flag>
                <order-required-flag>false</order-required-flag>
                <externally-defined-flag>false</externally-defined-flag>
            </attribute-definition>
            <attribute-definition attribute-id="kpIsSubscriptionProduct">
                <display-name xml:lang="x-default">Is Klarna Subscription Product</display-name>
                <type>boolean</type>
                <site-specific-flag>false</site-specific-flag>
                <mandatory-flag>false</mandatory-flag>
                <visible-flag>false</visible-flag>
                <externally-managed-flag>false</externally-managed-flag>
                <order-required-flag>false</order-required-flag>
                <externally-defined-flag>false</externally-defined-flag>
            </attribute-definition>
            <attribute-definition attribute-id="kpTrialDaysUsage">
                <display-name xml:lang="x-default">Klarna Trial Days Usage</display-name>
                <type>int</type>
                <localizable-flag>false</localizable-flag>
                <site-specific-flag>false</site-specific-flag>
                <mandatory-flag>false</mandatory-flag>
                <visible-flag>false</visible-flag>
                <externally-managed-flag>false</externally-managed-flag>
                <order-required-flag>false</order-required-flag>
                <externally-defined-flag>false</externally-defined-flag>
                <min-value>1.0</min-value>
            </attribute-definition>
        </custom-attribute-definitions>
        <group-definitions>
            <attribute-group group-id="KlarnaSubscription">
                <display-name xml:lang="x-default">Klana Subscription</display-name>
                <attribute attribute-id="kpIsSubscriptionProduct"/>
                <attribute attribute-id="kpTrialDaysUsage"/>
                <attribute attribute-id="kpIsStandardProduct"/>
            </attribute-group>
        </group-definitions>
    </type-extension>

    <type-extension type-id="Profile">
        <custom-attribute-definitions>
            <attribute-definition attribute-id="klarnaSignInAccessToken">
                <display-name xml:lang="x-default">klarna signin access token</display-name>
                <type>password</type>
                <mandatory-flag>false</mandatory-flag>
                <externally-managed-flag>false</externally-managed-flag>
            </attribute-definition>
            <attribute-definition attribute-id="kpSubscriptions">
                <display-name xml:lang="x-default">Klarna Subscriptions</display-name>
                <type>text</type>
                <mandatory-flag>false</mandatory-flag>
                <externally-managed-flag>false</externally-managed-flag>
            </attribute-definition>
            <attribute-definition attribute-id="kpRefreshToken">
                <display-name xml:lang="x-default">Klarna SignIn Refresh Token</display-name>
                <type>text</type>
                <mandatory-flag>false</mandatory-flag>
                <externally-managed-flag>false</externally-managed-flag>
            </attribute-definition>
        </custom-attribute-definitions>
        <group-definitions>
            <attribute-group group-id="Klarna">
                <display-name xml:lang="x-default">Klarna</display-name>
                <attribute attribute-id="kpSubscriptions"/>
                <attribute attribute-id="kpRefreshToken"/>
            </attribute-group>
        </group-definitions>
    </type-extension>
</metadata>
