<?xml version="1.0" encoding="UTF-8"?>
<metadata xmlns="http://www.demandware.com/xml/impex/metadata/2006-10-31">
    <type-extension type-id="SitePreferences">
        <custom-attribute-definitions>
			<attribute-definition attribute-id="kpServiceName">
                <display-name xml:lang="x-default">Klarna Payments Service Name</display-name>
                <description xml:lang="x-default">The service name used for the current site</description>
                <type>string</type>
                <mandatory-flag>false</mandatory-flag>
                <externally-managed-flag>false</externally-managed-flag>
                <min-length>0</min-length>
                <default-value>klarna.http.defaultendpoint</default-value>
            </attribute-definition>			
			<attribute-definition attribute-id="sendProductAndImageURLs">
                <display-name xml:lang="x-default">Send product_url and image_url</display-name>
                <description xml:lang="x-default">If set to true product_url and image_url fields in Klarna Payments create session call will be included in API call, otherwise product_url and image_url fields will not be populated</description>
                <type>boolean</type>
                <mandatory-flag>false</mandatory-flag>
                <externally-managed-flag>false</externally-managed-flag>
            </attribute-definition>
			<attribute-definition attribute-id="merchant_reference2_mapping">
                <display-name xml:lang="x-default">Merchant Reference 2 Mapping</display-name>
                <description xml:lang="x-default">The field from SCC order (basket) object that is mapped to merchant_reference2 field from klarna API request. Has to be a string corresponding to one of SCC LineItemCtnr class attributes. Note that for complex data structures result may not always be as expected.</description>
                <type>string</type>
                <mandatory-flag>false</mandatory-flag>
                <externally-managed-flag>false</externally-managed-flag>
                <min-length>0</min-length>
            </attribute-definition>
			<attribute-definition attribute-id="kpPreAssessment">
                <display-name xml:lang="x-default">Pre-Assessment is on for:</display-name>
                <description xml:lang="x-default">Pre-assessment flag. Comma separated string values with country codes, which should have the pre-assessment flag ON. For example the following string “CN, AU” would mean the pre-assessment is ON only for China and Australia. Note: Even if ON for an EU member country, consumer information will not be sent to Klarna until the authorize step.</description>
                <type>string</type>
                <mandatory-flag>false</mandatory-flag>
                <externally-managed-flag>false</externally-managed-flag>
                <min-length>0</min-length>
            </attribute-definition>
			  <attribute-definition attribute-id="kpColorBorder">
                <display-name xml:lang="x-default">Border Color Preference</display-name>
                <description xml:lang="x-default">CSS hex color to be used in Klarna Payments iFrame</description>
                <type>string</type>
                <mandatory-flag>false</mandatory-flag>
                <externally-managed-flag>false</externally-managed-flag>
                <min-length>0</min-length>
            </attribute-definition>
            <attribute-definition attribute-id="kpColorBorderSelected">
                <display-name xml:lang="x-default">Border Selected Color Preference</display-name>
                <description xml:lang="x-default">CSS hex color to be used in Klarna Payments iFrame</description>
                <type>string</type>
                <mandatory-flag>false</mandatory-flag>
                <externally-managed-flag>false</externally-managed-flag>
                <min-length>0</min-length>
            </attribute-definition>
            <attribute-definition attribute-id="kpColorButton">
                <display-name xml:lang="x-default">Button Color Preference</display-name>
                <description xml:lang="x-default">CSS hex color to be used in Klarna Payments iFrame</description>
                <type>string</type>
                <mandatory-flag>false</mandatory-flag>
                <externally-managed-flag>false</externally-managed-flag>
                <min-length>0</min-length>
            </attribute-definition>
            <attribute-definition attribute-id="kpColorButtonText">
                <display-name xml:lang="x-default">Button Text Color Preference</display-name>
                <description xml:lang="x-default">CSS hex color to be used in Klarna Payments iFrame</description>
                <type>string</type>
                <mandatory-flag>false</mandatory-flag>
                <externally-managed-flag>false</externally-managed-flag>
                <min-length>0</min-length>
            </attribute-definition>
            <attribute-definition attribute-id="kpColorCheckbox">
                <display-name xml:lang="x-default">Checkbox Color Preference</display-name>
                <description xml:lang="x-default">CSS hex color to be used in Klarna Payments iFrame</description>
                <type>string</type>
                <mandatory-flag>false</mandatory-flag>
                <externally-managed-flag>false</externally-managed-flag>
                <min-length>0</min-length>
            </attribute-definition>
            <attribute-definition attribute-id="kpColorCheckboxCheckmark">
                <display-name xml:lang="x-default">Checkbox Checkmark Color Preference</display-name>
                <description xml:lang="x-default">CSS hex color to be used in Klarna Payments iFrame</description>
                <type>string</type>
                <mandatory-flag>false</mandatory-flag>
                <externally-managed-flag>false</externally-managed-flag>
                <min-length>0</min-length>
            </attribute-definition>
            <attribute-definition attribute-id="kpColorDetails">
                <display-name xml:lang="x-default">Details Color Preference</display-name>
                <description xml:lang="x-default">CSS hex color to be used in Klarna Payments iFrame</description>
                <type>string</type>
                <mandatory-flag>false</mandatory-flag>
                <externally-managed-flag>false</externally-managed-flag>
                <min-length>0</min-length>
            </attribute-definition>
            <attribute-definition attribute-id="kpColorHeader">
                <display-name xml:lang="x-default">Header Color Preference</display-name>
                <description xml:lang="x-default">CSS hex color to be used in Klarna Payments iFrame</description>
                <type>string</type>
                <mandatory-flag>false</mandatory-flag>
                <externally-managed-flag>false</externally-managed-flag>
                <min-length>0</min-length>
            </attribute-definition>
            <attribute-definition attribute-id="kpColorLink">
                <display-name xml:lang="x-default">Link Color Preference</display-name>
                <description xml:lang="x-default">CSS hex color to be used in Klarna Payments iFrame</description>
                <type>string</type>
                <mandatory-flag>false</mandatory-flag>
                <externally-managed-flag>false</externally-managed-flag>
                <min-length>0</min-length>
            </attribute-definition>
            <attribute-definition attribute-id="kpColorText">
                <display-name xml:lang="x-default">Text Color Preference</display-name>
                <description xml:lang="x-default">CSS hex color to be used in Klarna Payments iFrame</description>
                <type>string</type>
                <mandatory-flag>false</mandatory-flag>
                <externally-managed-flag>false</externally-managed-flag>
                <min-length>0</min-length>
            </attribute-definition>
            <attribute-definition attribute-id="kpColorTextSecondary">
                <display-name xml:lang="x-default">Secondary Text Color Preference</display-name>
                <description xml:lang="x-default">CSS hex color to be used in Klarna Payments iFrame</description>
                <type>string</type>
                <mandatory-flag>false</mandatory-flag>
                <externally-managed-flag>false</externally-managed-flag>
                <min-length>0</min-length>
            </attribute-definition>
			<attribute-definition attribute-id="kpRadiusBorder">
                <display-name xml:lang="x-default">Border Radius Preference</display-name>
                <description xml:lang="x-default">Size (in pixels) of the border radius to be used in Klarna Payments iFrame</description>
                <type>string</type>
                <mandatory-flag>false</mandatory-flag>
                <externally-managed-flag>false</externally-managed-flag>
                <min-length>0</min-length>
            </attribute-definition>
			<attribute-definition attribute-id="kpAttachments">
                <display-name xml:lang="x-default">Attachments</display-name>
                <description xml:lang="x-default">Flag to swicth on/off the using of attachments when creating a session</description>
                <type>boolean</type>
                <mandatory-flag>false</mandatory-flag>
                <externally-managed-flag>false</externally-managed-flag>
				<default-value>false</default-value>
            </attribute-definition>
			<attribute-definition attribute-id="kpNotAvailableMessage">
                <display-name xml:lang="x-default">Not available message on billing page</display-name>
                <description xml:lang="x-default">The Klarna Payments not available message on billing page. JSON string holding country code and corresponding message string. For example:&#13;
{  &#13;
   "GB":"Klarna Payment not available",&#13;
   "default":"Klarna Payment not available"&#13;
}</description>
                <type>text</type>
                <mandatory-flag>false</mandatory-flag>
                <externally-managed-flag>false</externally-managed-flag>
            </attribute-definition>			
			<attribute-definition attribute-id="kpVCNEnabled">
                <display-name xml:lang="x-default">Virtual Card Network Enabled</display-name>
                <description xml:lang="x-default">If set to true SFCC will create Virtual Card Network settlement from every Klarna order. Default is false</description>
                <type>boolean</type>
                <mandatory-flag>false</mandatory-flag>
                <externally-managed-flag>false</externally-managed-flag>
                <default-value>false</default-value>
            </attribute-definition>
			<attribute-definition attribute-id="vcnPrivateKey">
                <display-name xml:lang="x-default">VCN Private Key</display-name>
                <description xml:lang="x-default">Your 4096 bit RSA Private Key</description>
                <type>text</type>
                <mandatory-flag>false</mandatory-flag>
                <externally-managed-flag>false</externally-managed-flag>
            </attribute-definition>
            <attribute-definition attribute-id="vcnPublicKey">
                <display-name xml:lang="x-default">VCN Public Key</display-name>
                <description xml:lang="x-default">Your 4096 bit RSA Public Key</description>
                <type>text</type>
                <mandatory-flag>false</mandatory-flag>
                <externally-managed-flag>false</externally-managed-flag>
            </attribute-definition>
		</custom-attribute-definitions>				
		<group-definitions>
			<attribute-group group-id="Klarna_Payments">
                <display-name xml:lang="x-default">Klarna Payments</display-name>
				<attribute attribute-id="sendProductAndImageURLs"/>
				<attribute attribute-id="merchant_reference2_mapping"/>
				<attribute attribute-id="kpPreAssessment"/>
				<attribute attribute-id="kpColorDetails"/>
				<attribute attribute-id="kpColorButton"/>
				<attribute attribute-id="kpColorButtonText"/>
				<attribute attribute-id="kpColorCheckbox"/>
				<attribute attribute-id="kpColorCheckboxCheckmark"/>
				<attribute attribute-id="kpColorHeader"/>
				<attribute attribute-id="kpColorLink"/>
				<attribute attribute-id="kpColorBorder"/>
				<attribute attribute-id="kpColorBorderSelected"/>
				<attribute attribute-id="kpColorText"/>
				<attribute attribute-id="kpColorTextSecondary"/>
				<attribute attribute-id="kpRadiusBorder"/>
				<attribute attribute-id="kpAttachments"/>	
				<attribute attribute-id="kpNotAvailableMessage"/>	
				<attribute attribute-id="kpVCNEnabled"/>
				<attribute attribute-id="vcnPrivateKey"/>
				<attribute attribute-id="vcnPublicKey"/>			
            </attribute-group>
        </group-definitions>
	</type-extension>

	<type-extension type-id="Order">
		<custom-attribute-definitions>
            <attribute-definition attribute-id="kpOrderID">
                <display-name xml:lang="x-default">Klarna Payments Order ID</display-name>
                <description xml:lang="x-default">Klarna Payments Order ID</description>
                <type>string</type>
                <mandatory-flag>false</mandatory-flag>
                <externally-managed-flag>false</externally-managed-flag>
                <min-length>0</min-length>
            </attribute-definition>
			 <attribute-definition attribute-id="kpIsVCN">
                <display-name xml:lang="x-default">Is VCN Used</display-name>
                <description xml:lang="x-default">True if VCN is used for payment of the order, otherwise false</description>
                <type>boolean</type>
                <mandatory-flag>false</mandatory-flag>
                <externally-managed-flag>false</externally-managed-flag>
            </attribute-definition>
            <attribute-definition attribute-id="kpVCNBrand">
                <display-name xml:lang="x-default">VCN Brand</display-name>
                <description xml:lang="x-default">Holding the Klarna Payments Virtual Card Network card Brand</description>
                <type>string</type>
                <mandatory-flag>false</mandatory-flag>
                <externally-managed-flag>false</externally-managed-flag>
                <min-length>0</min-length>
            </attribute-definition>
            <attribute-definition attribute-id="kpVCNCSC">
                <display-name xml:lang="x-default">VCN CSC</display-name>
                <description xml:lang="x-default">Holding the Klarna Payments Virtual Card Network card csc</description>
                <type>string</type>
                <mandatory-flag>false</mandatory-flag>
                <externally-managed-flag>false</externally-managed-flag>
                <min-length>0</min-length>
            </attribute-definition>
            <attribute-definition attribute-id="kpVCNExpirationMonth">
                <display-name xml:lang="x-default">VCN Expiration Month</display-name>
                <description xml:lang="x-default">Holding the Klarna Payments Virtual Card Network card expiration month</description>
                <type>string</type>
                <mandatory-flag>false</mandatory-flag>
                <externally-managed-flag>false</externally-managed-flag>
                <min-length>0</min-length>
            </attribute-definition>
            <attribute-definition attribute-id="kpVCNExpirationYear">
                <display-name xml:lang="x-default">VCN Expiration Year</display-name>
                <description xml:lang="x-default">Holding the Klarna Payments Virtual Card Network card expiration year</description>
                <type>string</type>
                <mandatory-flag>false</mandatory-flag>
                <externally-managed-flag>false</externally-managed-flag>
                <min-length>0</min-length>
            </attribute-definition>
            <attribute-definition attribute-id="kpVCNHolder">
                <display-name xml:lang="x-default">VCN Holder</display-name>
                <description xml:lang="x-default">Holding the Klarna Payments Virtual Card Network card holder name</description>
                <type>string</type>
                <mandatory-flag>false</mandatory-flag>
                <externally-managed-flag>false</externally-managed-flag>
                <min-length>0</min-length>
            </attribute-definition>
            <attribute-definition attribute-id="kpVCNPAN">
                <display-name xml:lang="x-default">VCN PAN</display-name>
                <description xml:lang="x-default">Holding the Klarna Payments Virtual Card Network card pan</description>
                <type>string</type>
                <mandatory-flag>false</mandatory-flag>
                <externally-managed-flag>false</externally-managed-flag>
                <min-length>0</min-length>
            </attribute-definition>
        </custom-attribute-definitions>
		<group-definitions>
            <attribute-group group-id="Klarna_Payments">
                <attribute attribute-id="kpOrderID"/>
                <attribute attribute-id="kpIsVCN"/>
                <attribute attribute-id="kpVCNHolder"/>
                <attribute attribute-id="kpVCNPAN"/>
                <attribute attribute-id="kpVCNExpirationYear"/>
				<attribute attribute-id="kpVCNExpirationMonth"/>
                <attribute attribute-id="kpVCNCSC"/>
                <attribute attribute-id="kpVCNBrand"/>                
            </attribute-group>
        </group-definitions>
	</type-extension>

	<type-extension type-id="OrderPaymentInstrument">
        <custom-attribute-definitions>
            <attribute-definition attribute-id="klarnaPaymentCategoryID">
                <display-name xml:lang="x-default">Klarna Payment Category ID</display-name>
                <description xml:lang="x-default">Holding the ID of selected Klarna Payments Option</description>
                <type>string</type>
                <mandatory-flag>false</mandatory-flag>
                <externally-managed-flag>false</externally-managed-flag>
                <min-length>0</min-length>
            </attribute-definition>
            <attribute-definition attribute-id="klarnaPaymentCategoryName">
                <display-name xml:lang="x-default">Klarna Payment Category Name</display-name>
                <description xml:lang="x-default">Holding the name of selected Klarna Payments Option</description>
                <type>string</type>
                <mandatory-flag>false</mandatory-flag>
                <externally-managed-flag>false</externally-managed-flag>
                <min-length>0</min-length>
            </attribute-definition>
        </custom-attribute-definitions>
		<group-definitions>
            <attribute-group group-id="Klarna_Payments">
                <attribute attribute-id="klarnaPaymentCategoryID"/>
                <attribute attribute-id="klarnaPaymentCategoryName"/>
            </attribute-group>
        </group-definitions>
    </type-extension>

	<type-extension type-id="PaymentTransaction">
		<custom-attribute-definitions>
            <attribute-definition attribute-id="kpFraudStatus">
                <display-name xml:lang="x-default">Fraud Status</display-name>
                <description xml:lang="x-default">Klarna Payments order fraud status</description>
                <type>string</type>
                <mandatory-flag>false</mandatory-flag>
                <externally-managed-flag>false</externally-managed-flag>
                <min-length>0</min-length>
            </attribute-definition>
        </custom-attribute-definitions>
		<group-definitions>
            <attribute-group group-id="Custom">
                <display-name xml:lang="x-default">Custom</display-name>
                <attribute attribute-id="kpFraudStatus"/>
            </attribute-group>
        </group-definitions>
	</type-extension>
</metadata>
